time,place,mag,depth,longitude,latitude,type,id,url
2024-03-30 22:55:52.655,"77 km W of Panguna, Papua New Guinea",5.1,77.27,154.7807,-6.3333,earthquake,us7000m900,https://earthquake.usgs.gov/earthquakes/eventpage/us7000m900
2024-03-30 22:07:30.357,"165 km NNW of Houma, Tonga",4.8,10.0,-175.9989,-19.8295,earthquake,us7000ma6u,https://earthquake.usgs.gov/earthquakes/eventpage/us7000ma6u
2024-03-30 21:32:36.907,"186 km NNW of Houma, Tonga",4.5,10.0,-176.178,-19.706,earthquake,us7000ma6q,https://earthquake.usgs.gov/earthquakes/eventpage/us7000ma6q
2024-03-30 20:55:08.465,"46 km W of Port-Vila, Vanuatu",4.7,10.0,167.8799,-17.8037,earthquake,us7000ma6p,https://earthquake.usgs.gov/earthquakes/eventpage/us7000ma6p
2024-03-30 20:04:08.351,Kermadec Islands region,4.6,9.606,-177.8442,-27.8943,earthquake,us7000ma6x,https://earthquake.usgs.gov/earthquakes/eventpage/us7000ma6x
2024-03-30 19:00:59.434,"165 km W of Pangai, Tonga",4.6,10.0,-175.9309,-19.781,earthquake,us7000ma6k,https://earthquake.usgs.gov/earthquakes/eventpage/us7000ma6k
2024-03-30 18:59:06.392,"161 km W of Pangai, Tonga",4.8,7.06,-175.8678,-19.5455,earthquake,us7000ma6j,https://earthquake.usgs.gov/earthquakes/eventpage/us7000ma6j
2024-03-30 18:23:59.177,"278 km SW of Houma, Tonga",4.8,147.857,-177.1116,-23.0373,earthquake,us7000m8z4,https://earthquake.usgs.gov/earthquakes/eventpage/us7000m8z4
2024-03-30 18:10:55.629,"169 km W of Pangai, Tonga",4.8,10.0,-175.9599,-19.6269,earthquake,us7000ma6h,https://earthquake.usgs.gov/earthquakes/eventpage/us7000ma6h
2024-03-30 17:35:49.670,"164 km W of Pangai, Tonga",5.2,10.0,-175.9239,-19.7019,earthquake,us7000m8z0,https://earthquake.usgs.gov/earthquakes/eventpage/us7000m8z0
2024-03-30 16:44:25.049,"171 km NNW of Houma, Tonga",5.3,10.249,-176.0022,-19.7708,earthquake,us7000m8yl,https://earthquake.usgs.gov/earthquakes/eventpage/us7000m8yl
2024-03-30 16:28:57.456,"Rat Islands, Aleutian Islands, Alaska",5.8,109.0,178.3963,52.1143,earthquake,us7000m8yd,https://earthquake.usgs.gov/earthquakes/eventpage/us7000m8yd
2024-03-30 14:38:26.708,"155 km W of Pangai, Tonga",4.8,10.0,-175.8232,-19.6467,earthquake,us7000m8y5,https://earthquake.usgs.gov/earthquakes/eventpage/us7000m8y5
2024-03-30 14:32:42.630,"146 km NNW of Houma, Tonga",4.5,9.045,-175.7722,-19.9233,earthquake,us7000ma69,https://earthquake.usgs.gov/earthquakes/eventpage/us7000ma69
2024-03-30 13:44:35.626,"12 km E of Oni, Georgia",4.7,10.0,43.597,42.559,earthquake,us7000m8xt,https://earthquake.usgs.gov/earthquakes/eventpage/us7000m8xt
2024-03-30 13:43:10.482,"37 km E of Aras-asan, Philippines",4.5,51.85,126.6492,8.9096,earthquake,us7000m8xv,https://earthquake.usgs.gov/earthquakes/eventpage/us7000m8xv
2024-03-30 12:06:29.184,"34 km NW of Komodo, Indonesia",4.5,13.711,119.3068,-8.3385,earthquake,us7000m8xi,https://earthquake.usgs.gov/earthquakes/eventpage/us7000m8xi
2024-03-30 10:25:25.336,central East Pacific Rise,4.7,10.0,-109.26,-14.7925,earthquake,us7000m8x0,https://earthquake.usgs.gov/earthquakes/eventpage/us7000m8x0
2024-03-30 09:48:17.120,central East Pacific Rise,5.1,10.0,-103.9175,-4.0264,earthquake,us7000m8ww,https://earthquake.usgs.gov/earthquakes/eventpage/us7000m8ww
2024-03-30 09:47:31.732,central East Pacific Rise,4.5,10.0,-104.3793,-4.1664,earthquake,us7000ma63,https://earthquake.usgs.gov/earthquakes/eventpage/us7000ma63
2024-03-30 09:43:36.800,central East Pacific Rise,4.5,10.0,-104.2298,-4.0104,earthquake,us7000ma5x,https://earthquake.usgs.gov/earthquakes/eventpage/us7000ma5x
2024-03-30 08:35:05.948,"75 km W of Ollagüe, Chile",4.5,115.921,-68.9704,-21.0951,earthquake,us7000m8wg,https://earthquake.usgs.gov/earthquakes/eventpage/us7000m8wg
2024-03-30 06:03:03.638,central East Pacific Rise,4.6,10.0,-103.8257,-3.9528,earthquake,us7000ma5p,https://earthquake.usgs.gov/earthquakes/eventpage/us7000ma5p
2024-03-30 05:43:45.516,central East Pacific Rise,4.5,10.0,-104.0093,-3.9898,earthquake,us7000ma6z,https://earthquake.usgs.gov/earthquakes/eventpage/us7000ma6z
2024-03-30 05:39:41.426,central East Pacific Rise,4.6,10.0,-104.1031,-4.1187,earthquake,us7000ma5n,https://earthquake.usgs.gov/earthquakes/eventpage/us7000ma5n
2024-03-30 05:25:00.215,central East Pacific Rise,4.5,10.0,-103.7384,-4.2047,earthquake,us7000ma5l,https://earthquake.usgs.gov/earthquakes/eventpage/us7000ma5l
2024-03-30 04:10:02.174,"49 km ENE of Ambunti, Papua New Guinea",4.6,35.0,143.2254,-4.0429,earthquake,us7000ma5v,https://earthquake.usgs.gov/earthquakes/eventpage/us7000ma5v
2024-03-30 03:54:10.444,"155 km NNW of Antofagasta de la Sierra, Argentina",4.5,95.006,-68.244,-24.8759,earthquake,us7000m8vn,https://earthquake.usgs.gov/earthquakes/eventpage/us7000m8vn
2024-03-30 01:13:14.562,"159 km WNW of Tobelo, Indonesia",4.7,44.161,126.7767,2.4604,earthquake,us7000m8vc,https://earthquake.usgs.gov/earthquakes/eventpage/us7000m8vc
2024-03-30 00:25:05.321,"3 km E of Sivrice, Turkey",4.7,5.828,39.3542,38.4393,earthquake,us7000m8v4,https://earthquake.usgs.gov/earthquakes/eventpage/us7000m8v4
2024-03-29 23:56:32.054,"134 km ESE of Labuha, Indonesia",4.5,10.0,128.6019,-1.0605,earthquake,us7000m8v1,https://earthquake.usgs.gov/earthquakes/eventpage/us7000m8v1
2024-03-29 22:57:21.936,Mariana Islands region,4.7,10.0,147.0312,19.2286,earthquake,us7000m8um,https://earthquake.usgs.gov/earthquakes/eventpage/us7000m8um
2024-03-29 21:12:14.891,south of Tonga,4.9,10.0,-175.077,-24.7968,earthquake,us7000m8tz,https://earthquake.usgs.gov/earthquakes/eventpage/us7000m8tz
2024-03-29 20:06:55.914,northern Mid-Atlantic Ridge,4.7,10.0,-43.6088,28.5887,earthquake,us7000m9xa,https://earthquake.usgs.gov/earthquakes/eventpage/us7000m9xa
2024-03-29 19:26:18.748,western Xizang,4.7,13.465,88.7536,32.6024,earthquake,us7000m8t0,https://earthquake.usgs.gov/earthquakes/eventpage/us7000m8t0
2024-03-29 18:06:56.060,"119 km WNW of Tobelo, Indonesia",4.8,105.135,126.9937,2.0792,earthquake,us7000m8sq,https://earthquake.usgs.gov/earthquakes/eventpage/us7000m8sq
2024-03-29 17:58:36.489,northern Mid-Atlantic Ridge,5.2,10.0,-44.8917,12.7994,earthquake,us7000m8sn,https://earthquake.usgs.gov/earthquakes/eventpage/us7000m8sn
2024-03-29 16:47:58.186,northern Mid-Atlantic Ridge,4.7,10.0,-44.8779,12.8568,earthquake,us7000m8sc,https://earthquake.usgs.gov/earthquakes/eventpage/us7000m8sc
2024-03-29 16:20:57.860,northern Mid-Atlantic Ridge,4.9,10.0,-44.8702,12.8153,earthquake,us7000m8s9,https://earthquake.usgs.gov/earthquakes/eventpage/us7000m8s9
2024-03-29 16:19:37.942,northern Mid-Atlantic Ridge,5.0,10.0,-44.8963,12.771,earthquake,us7000m8s7,https://earthquake.usgs.gov/earthquakes/eventpage/us7000m8s7
2024-03-29 14:40:56.146,Kermadec Islands region,5.4,10.0,-178.0987,-27.9628,earthquake,us7000m8rg,https://earthquake.usgs.gov/earthquakes/eventpage/us7000m8rg
2024-03-29 13:11:29.275,central East Pacific Rise,4.5,10.0,-104.2407,-4.3061,earthquake,us7000m9wv,https://earthquake.usgs.gov/earthquakes/eventpage/us7000m9wv
2024-03-29 09:57:05.507,"125 km NNW of Kimbe, Papua New Guinea",5.6,570.902,149.5876,-4.562,earthquake,us7000m8qr,https://earthquake.usgs.gov/earthquakes/eventpage/us7000m8qr
2024-03-29 09:37:30.748,"268 km NE of Saipan, Northern Mariana Islands",4.7,35.0,147.2398,17.1682,earthquake,us7000m9wy,https://earthquake.usgs.gov/earthquakes/eventpage/us7000m9wy
2024-03-29 09:31:14.113,central East Pacific Rise,4.6,10.0,-104.005,-3.9719,earthquake,us7000m8r2,https://earthquake.usgs.gov/earthquakes/eventpage/us7000m8r2
2024-03-29 07:12:48.063,"34 km WNW of Filiatrá, Greece",5.8,26.873,21.2557,37.3224,earthquake,us7000m8q9,https://earthquake.usgs.gov/earthquakes/eventpage/us7000m8q9
2024-03-29 06:29:33.834,"103 km NNW of Port-Vila, Vanuatu",5.0,10.0,168.015,-16.8483,earthquake,us7000m8pz,https://earthquake.usgs.gov/earthquakes/eventpage/us7000m8pz
2024-03-29 04:58:59.642,"258 km NE of Saipan, Northern Mariana Islands",5.0,41.584,147.2408,17.0572,earthquake,us7000m8pq,https://earthquake.usgs.gov/earthquakes/eventpage/us7000m8pq
2024-03-29 04:18:34.575,"262 km NE of Saipan, Northern Mariana Islands",4.5,32.141,147.2174,17.1198,earthquake,us7000m9wd,https://earthquake.usgs.gov/earthquakes/eventpage/us7000m9wd
2024-03-29 02:02:42.608,"259 km NE of Saipan, Northern Mariana Islands",5.0,25.174,147.3137,17.013,earthquake,us7000m8p1,https://earthquake.usgs.gov/earthquakes/eventpage/us7000m8p1
2024-03-29 01:54:42.543,"258 km NE of Saipan, Northern Mariana Islands",4.9,45.888,147.2361,17.0564,earthquake,us7000m8p0,https://earthquake.usgs.gov/earthquakes/eventpage/us7000m8p0
2024-03-28 23:23:45.752,"26 km SW of El Tocuyo, Venezuela",4.9,10.208,-69.977,9.6383,earthquake,us7000m8nn,https://earthquake.usgs.gov/earthquakes/eventpage/us7000m8nn
2024-03-28 13:21:16.285,northern Mid-Atlantic Ridge,4.8,10.0,-45.2479,15.2636,earthquake,us7000m8j0,https://earthquake.usgs.gov/earthquakes/eventpage/us7000m8j0
2024-03-28 12:05:28.267,"161 km NNE of Neiafu, Tonga",4.7,22.9,-173.2573,-17.3666,earthquake,us7000m9ny,https://earthquake.usgs.gov/earthquakes/eventpage/us7000m9ny
2024-03-28 11:01:15.593,"31 km WSW of San Alejandro, Peru",4.9,10.0,-75.4944,-8.8907,earthquake,us7000m8id,https://earthquake.usgs.gov/earthquakes/eventpage/us7000m8id
2024-03-28 10:55:10.409,"58 km SW of Ashkāsham, Afghanistan",5.0,108.477,71.1603,36.247,earthquake,us7000m8ib,https://earthquake.usgs.gov/earthquakes/eventpage/us7000m8ib
2024-03-28 08:01:54.946,"138 km S of Bambanglipuro, Indonesia",5.0,59.247,110.1543,-9.1955,earthquake,us7000m8hh,https://earthquake.usgs.gov/earthquakes/eventpage/us7000m8hh
2024-03-28 07:49:59.156,"146 km NW of Masohi, Indonesia",4.6,10.0,128.1796,-2.2339,earthquake,us7000m8hg,https://earthquake.usgs.gov/earthquakes/eventpage/us7000m8hg
2024-03-28 04:05:15.500,"55 km NNE of Pucallpa, Peru",5.2,152.869,-74.4016,-7.9054,earthquake,us7000m8gh,https://earthquake.usgs.gov/earthquakes/eventpage/us7000m8gh
2024-03-28 03:05:03.491,off the coast of Central America,4.5,10.0,-83.0904,3.48,earthquake,us7000m9ns,https://earthquake.usgs.gov/earthquakes/eventpage/us7000m9ns
2024-03-28 02:17:15.214,south of Panama,4.5,10.0,-82.6823,3.7215,earthquake,us7000m8g7,https://earthquake.usgs.gov/earthquakes/eventpage/us7000m8g7
2024-03-28 01:02:55.997,south of Africa,4.6,10.0,27.8646,-52.5753,earthquake,us7000m9nq,https://earthquake.usgs.gov/earthquakes/eventpage/us7000m9nq
2024-03-27 22:49:50.490,south of the Fiji Islands,5.0,475.748,-179.7362,-24.3685,earthquake,us7000m8f0,https://earthquake.usgs.gov/earthquakes/eventpage/us7000m8f0
2024-03-27 22:23:02.635,"165 km SE of Kokopo, Papua New Guinea",4.6,25.564,153.2068,-5.5065,earthquake,us7000m9ni,https://earthquake.usgs.gov/earthquakes/eventpage/us7000m9ni
2024-03-27 19:38:17.610,"29 km WNW of Port-Olry, Vanuatu",4.5,44.204,166.8323,-14.9152,earthquake,us7000m9nb,https://earthquake.usgs.gov/earthquakes/eventpage/us7000m9nb
2024-03-27 17:35:45.235,"230 km SE of Sarangani, Philippines",4.6,35.075,126.8914,3.8954,earthquake,us7000m8ct,https://earthquake.usgs.gov/earthquakes/eventpage/us7000m8ct
2024-03-27 15:29:39.325,"121 km SE of Antofagasta, Chile",4.7,78.936,-69.5779,-24.4554,earthquake,us7000m8c7,https://earthquake.usgs.gov/earthquakes/eventpage/us7000m8c7
2024-03-27 14:16:13.291,"23 km NNE of Marechal Thaumaturgo, Brazil",5.0,10.0,-72.7126,-8.7403,earthquake,us7000m8au,https://earthquake.usgs.gov/earthquakes/eventpage/us7000m8au
2024-03-27 13:49:17.821,Vanuatu region,5.3,10.0,173.8203,-20.754,earthquake,us7000m8an,https://earthquake.usgs.gov/earthquakes/eventpage/us7000m8an
2024-03-27 10:54:50.330,"107 km E of Caucete, Argentina",4.7,128.935,-67.1476,-31.7001,earthquake,us7000m891,https://earthquake.usgs.gov/earthquakes/eventpage/us7000m891
2024-03-27 10:38:16.606,"128 km NE of San Pedro de Atacama, Chile",4.8,174.681,-67.2903,-22.1183,earthquake,us7000m88z,https://earthquake.usgs.gov/earthquakes/eventpage/us7000m88z
2024-03-27 10:26:10.549,northern Mid-Atlantic Ridge,4.5,10.0,-41.6736,30.5911,earthquake,us7000m9my,https://earthquake.usgs.gov/earthquakes/eventpage/us7000m9my
2024-03-27 09:12:15.494,"140 km SSE of Kuril’sk, Russia",4.7,41.307,148.7398,44.1272,earthquake,us7000m88k,https://earthquake.usgs.gov/earthquakes/eventpage/us7000m88k
2024-03-27 05:08:27.713,"77 km SSE of San Pedro de Atacama, Chile",4.9,128.724,-68.0426,-23.5957,earthquake,us7000m87t,https://earthquake.usgs.gov/earthquakes/eventpage/us7000m87t
2024-03-27 04:27:19.422,"37 km ENE of Lae, Papua New Guinea",4.9,61.631,147.3053,-6.5792,earthquake,us7000m87p,https://earthquake.usgs.gov/earthquakes/eventpage/us7000m87p
2024-03-27 04:05:13.462,"60 km ESE of Yigo Village, Guam",4.7,35.0,145.3659,13.2517,earthquake,us7000m9ml,https://earthquake.usgs.gov/earthquakes/eventpage/us7000m9ml
2024-03-27 03:25:32.728,"182 km WSW of Port Orford, Oregon",4.7,10.0,-126.6594,42.374,earthquake,us7000m87c,https://earthquake.usgs.gov/earthquakes/eventpage/us7000m87c
2024-03-27 03:23:02.962,"189 km WSW of Port Orford, Oregon",5.6,10.0,-126.7243,42.3102,earthquake,us7000m875,https://earthquake.usgs.gov/earthquakes/eventpage/us7000m875
2024-03-27 03:22:04.793,"186 km WSW of Port Orford, Oregon",4.5,10.0,-126.6879,42.2926,earthquake,us7000m874,https://earthquake.usgs.gov/earthquakes/eventpage/us7000m874
2024-03-27 03:03:59.531,"32 km NNE of Ambunti, Papua New Guinea",4.9,35.0,142.9471,-3.9549,earthquake,us7000m870,https://earthquake.usgs.gov/earthquakes/eventpage/us7000m870
2024-03-27 02:03:29.434,Kuril Islands,4.9,10.0,153.2782,46.2911,earthquake,us7000m86q,https://earthquake.usgs.gov/earthquakes/eventpage/us7000m86q
2024-03-27 01:28:17.689,Vanuatu region,6.4,10.0,173.7373,-21.0715,earthquake,us7000m86i,https://earthquake.usgs.gov/earthquakes/eventpage/us7000m86i
2024-03-27 00:24:46.644,"160 km S of La Libertad, El Salvador",4.7,10.0,-89.3288,12.0377,earthquake,us7000m86c,https://earthquake.usgs.gov/earthquakes/eventpage/us7000m86c
2024-03-26 23:33:09.075,"32 km ENE of Ambunti, Papua New Guinea",4.5,69.125,143.0783,-4.08,earthquake,us7000m865,https://earthquake.usgs.gov/earthquakes/eventpage/us7000m865
2024-03-26 19:22:02.774,"162 km WNW of Tobelo, Indonesia",4.6,43.564,126.6421,2.2452,earthquake,us7000m84e,https://earthquake.usgs.gov/earthquakes/eventpage/us7000m84e
2024-03-26 17:49:35.453,"15 km SE of Madang, Papua New Guinea",5.1,69.756,145.8772,-5.3315,earthquake,us7000m845,https://earthquake.usgs.gov/earthquakes/eventpage/us7000m845
2024-03-26 17:40:44.692,"145 km SSW of Merizo Village, Guam",4.5,10.0,144.0364,12.1036,earthquake,us7000m9dk,https://earthquake.usgs.gov/earthquakes/eventpage/us7000m9dk
2024-03-26 13:31:56.864,"78 km WSW of Modisi, Indonesia",4.6,132.285,123.7769,0.1915,earthquake,us7000m82y,https://earthquake.usgs.gov/earthquakes/eventpage/us7000m82y
2024-03-26 13:14:08.949,north of Ascension Island,5.4,10.0,-15.3842,-1.5815,earthquake,us7000m82w,https://earthquake.usgs.gov/earthquakes/eventpage/us7000m82w
2024-03-26 10:34:26.351,"23 km NE of Atlasovo, Russia",4.7,199.373,159.9521,55.7295,earthquake,us7000m82d,https://earthquake.usgs.gov/earthquakes/eventpage/us7000m82d
2024-03-26 10:15:25.996,"14 km ENE of Ambunti, Papua New Guinea",4.5,73.178,142.9395,-4.163,earthquake,us7000m82a,https://earthquake.usgs.gov/earthquakes/eventpage/us7000m82a
2024-03-26 10:09:56.724,"75 km S of Inarajan Village, Guam",4.5,10.0,144.8206,12.5917,earthquake,us7000m9dd,https://earthquake.usgs.gov/earthquakes/eventpage/us7000m9dd
2024-03-26 09:37:15.185,"91 km S of Pangai, Tonga",5.3,14.482,-174.1986,-20.6273,earthquake,us7000m826,https://earthquake.usgs.gov/earthquakes/eventpage/us7000m826
2024-03-26 09:03:01.938,"southwest of Sumatra, Indonesia",4.6,10.0,100.4771,-8.9375,earthquake,us7000m81y,https://earthquake.usgs.gov/earthquakes/eventpage/us7000m81y
2024-03-26 08:58:50.535,"34 km ENE of Shahrak-e Kūlūrī, Iran",4.5,10.0,48.7944,32.492,earthquake,us7000m81u,https://earthquake.usgs.gov/earthquakes/eventpage/us7000m81u
2024-03-26 08:02:55.775,"32 km SSE of Jurm, Afghanistan",4.6,220.213,71.0262,36.6164,earthquake,us7000m81m,https://earthquake.usgs.gov/earthquakes/eventpage/us7000m81m
2024-03-26 07:41:55.831,"10 km ENE of La Paz, Philippines",4.5,33.211,126.3494,9.0204,earthquake,us7000m9db,https://earthquake.usgs.gov/earthquakes/eventpage/us7000m9db
2024-03-26 06:57:48.475,"95 km WNW of Kirakira, Solomon Islands",4.9,66.468,161.1106,-10.146,earthquake,us7000m818,https://earthquake.usgs.gov/earthquakes/eventpage/us7000m818
2024-03-25 22:04:51.968,southern East Pacific Rise,4.7,10.0,-111.0465,-35.4571,earthquake,us7000m8ls,https://earthquake.usgs.gov/earthquakes/eventpage/us7000m8ls
2024-03-25 18:33:02.120,"Southern Qinghai, China",4.8,10.0,91.5562,35.9944,earthquake,us7000m7yh,https://earthquake.usgs.gov/earthquakes/eventpage/us7000m7yh
2024-03-25 17:36:35.729,"62 km SSE of Bitung, Indonesia",4.6,91.935,125.3984,0.9462,earthquake,us7000m7y7,https://earthquake.usgs.gov/earthquakes/eventpage/us7000m7y7
2024-03-25 17:24:27.537,"107 km WNW of Kirakira, Solomon Islands",4.5,64.217,160.9994,-10.1278,earthquake,us7000m7y4,https://earthquake.usgs.gov/earthquakes/eventpage/us7000m7y4
2024-03-25 17:00:02.616,Macquarie Island region,5.5,10.0,158.6349,-59.0543,earthquake,us7000m7xz,https://earthquake.usgs.gov/earthquakes/eventpage/us7000m7xz
2024-03-25 16:14:19.602,"30 km SW of Taco Pozo, Argentina",4.7,567.911,-63.4752,-25.8167,earthquake,us7000m7x2,https://earthquake.usgs.gov/earthquakes/eventpage/us7000m7x2
2024-03-25 05:22:17.065,northern Mid-Atlantic Ridge,5.5,10.0,-46.462,16.5556,earthquake,us6000ml19,https://earthquake.usgs.gov/earthquakes/eventpage/us6000ml19
2024-03-25 04:16:39.466,Fiji region,4.8,596.367,-178.3297,-20.1274,earthquake,us6000ml10,https://earthquake.usgs.gov/earthquakes/eventpage/us6000ml10
2024-03-25 03:28:39.136,"62 km W of Karor, Pakistan",4.5,10.0,70.3,31.1869,earthquake,us6000ml18,https://earthquake.usgs.gov/earthquakes/eventpage/us6000ml18
2024-03-25 03:27:32.051,"54 km NW of Taunsa, Pakistan",4.5,10.0,70.2164,31.0173,earthquake,us6000ml0p,https://earthquake.usgs.gov/earthquakes/eventpage/us6000ml0p
2024-03-25 02:36:41.521,"off the east coast of the Kamchatka Peninsula, Russia",5.2,10.0,163.5655,52.4275,earthquake,us6000ml0l,https://earthquake.usgs.gov/earthquakes/eventpage/us6000ml0l
2024-03-25 02:21:44.441,"153 km SSW of Merizo Village, Guam",5.2,10.0,143.9432,12.0769,earthquake,us6000ml0j,https://earthquake.usgs.gov/earthquakes/eventpage/us6000ml0j
2024-03-25 02:00:06.032,"189 km ESE of Kimbe, Papua New Guinea",4.6,10.0,151.7577,-6.1051,earthquake,us7000m8kv,https://earthquake.usgs.gov/earthquakes/eventpage/us7000m8kv
2024-03-24 23:04:09.039,"149 km WNW of Port-Vila, Vanuatu",4.7,10.0,166.9483,-17.4203,earthquake,us7000m8kj,https://earthquake.usgs.gov/earthquakes/eventpage/us7000m8kj
2024-03-24 19:50:11.425,"33 km SSE of Cuya, Chile",5.0,79.08,-70.1006,-19.4577,earthquake,us6000mkzs,https://earthquake.usgs.gov/earthquakes/eventpage/us6000mkzs
2024-03-24 17:46:57.599,Kuril Islands,4.6,35.0,152.7039,46.6745,earthquake,us6000mkzm,https://earthquake.usgs.gov/earthquakes/eventpage/us6000mkzm
2024-03-24 15:34:05.506,"20 km W of Sidareja, Indonesia",4.7,114.644,108.6034,-7.4873,earthquake,us6000mkz6,https://earthquake.usgs.gov/earthquakes/eventpage/us6000mkz6
2024-03-24 14:38:28.823,southern Mid-Atlantic Ridge,4.5,10.0,-13.5736,-17.7278,earthquake,us7000m8k6,https://earthquake.usgs.gov/earthquakes/eventpage/us7000m8k6
2024-03-24 13:12:22.008,"122 km W of Nadi, Fiji",4.9,10.0,176.2629,-17.718,earthquake,us6000mkyw,https://earthquake.usgs.gov/earthquakes/eventpage/us6000mkyw
2024-03-24 11:53:57.200,"50 km NW of Bintuni, Indonesia",5.1,42.523,133.2473,-1.7427,earthquake,us6000mkyp,https://earthquake.usgs.gov/earthquakes/eventpage/us6000mkyp
2024-03-24 07:30:57.968,"166 km SE of Kokopo, Papua New Guinea",4.6,10.0,153.3582,-5.3853,earthquake,us7000m8jw,https://earthquake.usgs.gov/earthquakes/eventpage/us7000m8jw
2024-03-24 06:22:24.947,"11 km ESE of Marihatag, Philippines",5.2,59.621,126.3895,8.7566,earthquake,us6000mkxk,https://earthquake.usgs.gov/earthquakes/eventpage/us6000mkxk
2024-03-24 05:58:24.719,South Atlantic Ocean,4.8,10.0,-33.6022,-38.8791,earthquake,us7000m8js,https://earthquake.usgs.gov/earthquakes/eventpage/us7000m8js
2024-03-24 03:26:40.249,"37 km ENE of Ambunti, Papua New Guinea",5.2,35.0,143.116,-4.0667,earthquake,us6000mkwv,https://earthquake.usgs.gov/earthquakes/eventpage/us6000mkwv
2024-03-24 03:04:07.847,"85 km SE of Ende, Indonesia",5.7,62.174,122.1832,-9.4207,earthquake,us6000mkvx,https://earthquake.usgs.gov/earthquakes/eventpage/us6000mkvx
2024-03-24 00:40:25.316,Mariana Islands region,4.5,10.0,143.3775,20.8673,earthquake,us7000m8jn,https://earthquake.usgs.gov/earthquakes/eventpage/us7000m8jn
2024-03-24 00:30:54.143,"289 km SW of Gizo, Solomon Islands",5.1,10.0,154.8212,-9.7782,earthquake,us6000mkvd,https://earthquake.usgs.gov/earthquakes/eventpage/us6000mkvd
2024-03-24 00:17:06.578,"29 km NE of Ambunti, Papua New Guinea",4.5,35.0,143.0083,-4.0308,earthquake,us7000m8jm,https://earthquake.usgs.gov/earthquakes/eventpage/us7000m8jm
2024-03-23 23:47:12.495,"76 km S of Gorontalo, Indonesia",4.9,116.455,123.0219,-0.1493,earthquake,us6000mkv6,https://earthquake.usgs.gov/earthquakes/eventpage/us6000mkv6
2024-03-23 23:11:53.360,"52 km SE of Vallenar, Chile",4.5,104.057,-70.4353,-28.9504,earthquake,us6000mkv2,https://earthquake.usgs.gov/earthquakes/eventpage/us6000mkv2
2024-03-23 22:49:58.468,"38 km ENE of Ambunti, Papua New Guinea",5.1,35.0,143.1375,-4.0835,earthquake,us6000mkuz,https://earthquake.usgs.gov/earthquakes/eventpage/us6000mkuz
2024-03-23 20:51:05.314,"39 km ENE of Ambunti, Papua New Guinea",4.5,35.0,143.1257,-4.0427,earthquake,us7000m8bp,https://earthquake.usgs.gov/earthquakes/eventpage/us7000m8bp
2024-03-23 20:40:29.906,"55 km ENE of Ambunti, Papua New Guinea",5.0,35.0,143.311,-4.1113,earthquake,us6000mku5,https://earthquake.usgs.gov/earthquakes/eventpage/us6000mku5
2024-03-23 20:33:20.320,"38 km ENE of Ambunti, Papua New Guinea",4.8,35.0,143.1472,-4.1192,earthquake,us7000m8bm,https://earthquake.usgs.gov/earthquakes/eventpage/us7000m8bm
2024-03-23 20:32:23.522,"54 km SW of Wewak, Papua New Guinea",4.8,35.0,143.3223,-3.9368,earthquake,us7000m8bz,https://earthquake.usgs.gov/earthquakes/eventpage/us7000m8bz
2024-03-23 20:22:04.348,"36 km ENE of Ambunti, Papua New Guinea",6.9,41.464,143.134,-4.1292,earthquake,us6000mksx,https://earthquake.usgs.gov/earthquakes/eventpage/us6000mksx
2024-03-23 16:22:28.057,South Sandwich Islands region,4.5,103.86,-27.5976,-55.9418,earthquake,us7000m8bl,https://earthquake.usgs.gov/earthquakes/eventpage/us7000m8bl
2024-03-23 14:29:25.410,"96 km W of San Antonio de los Cobres, Argentina",4.7,186.452,-67.2587,-24.3352,earthquake,us6000mkrg,https://earthquake.usgs.gov/earthquakes/eventpage/us6000mkrg
2024-03-23 13:20:28.536,"82 km SW of Pagar Alam, Indonesia",5.3,62.692,102.7307,-4.5597,earthquake,us6000mkqg,https://earthquake.usgs.gov/earthquakes/eventpage/us6000mkqg
2024-03-23 09:00:07.731,northern Mid-Atlantic Ridge,4.6,10.0,-44.8027,13.2434,earthquake,us6000mkpn,https://earthquake.usgs.gov/earthquakes/eventpage/us6000mkpn
2024-03-23 07:29:09.483,"81 km SW of Labuan, Indonesia",4.6,40.974,105.2556,-6.8336,earthquake,us7000m8b6,https://earthquake.usgs.gov/earthquakes/eventpage/us7000m8b6
2024-03-23 05:05:12.521,"99 km SSW of Bengkulu, Indonesia",4.7,52.6,101.9841,-4.652,earthquake,us6000mknq,https://earthquake.usgs.gov/earthquakes/eventpage/us6000mknq
2024-03-23 04:18:42.784,"63 km E of Lakatoro, Vanuatu",4.9,183.292,168.0123,-16.1308,earthquake,us6000mknh,https://earthquake.usgs.gov/earthquakes/eventpage/us6000mknh
2024-03-23 03:32:21.949,Easter Island region,4.9,10.0,-112.9005,-27.4156,earthquake,us6000mkp7,https://earthquake.usgs.gov/earthquakes/eventpage/us6000mkp7
2024-03-22 23:57:26.107,"174 km WNW of Farasān, Saudi Arabia",4.6,10.0,40.5913,17.2652,earthquake,us6000mkmh,https://earthquake.usgs.gov/earthquakes/eventpage/us6000mkmh
2024-03-22 23:31:49.930,"1 km S of Yamagata, Japan",4.6,35.982,136.7704,35.4598,earthquake,us6000mkmf,https://earthquake.usgs.gov/earthquakes/eventpage/us6000mkmf
2024-03-22 23:10:33.145,"182 km WNW of Farasān, Saudi Arabia",4.5,10.0,40.4859,17.1911,earthquake,us6000mkly,https://earthquake.usgs.gov/earthquakes/eventpage/us6000mkly
2024-03-22 21:42:01.922,"110 km N of Paciran, Indonesia",4.5,10.0,112.3914,-5.8805,earthquake,us7000m89s,https://earthquake.usgs.gov/earthquakes/eventpage/us7000m89s
2024-03-22 17:31:02.759,northern Mid-Atlantic Ridge,4.6,10.0,-43.6964,28.3299,earthquake,us6000mkk4,https://earthquake.usgs.gov/earthquakes/eventpage/us6000mkk4
2024-03-22 11:42:22.275,South Sandwich Islands region,4.5,144.841,-27.5679,-56.5629,earthquake,us6000mkgy,https://earthquake.usgs.gov/earthquakes/eventpage/us6000mkgy
2024-03-22 11:39:49.968,"110 km W of Pariaman, Indonesia",4.5,40.849,99.1304,-0.6262,earthquake,us7000m89r,https://earthquake.usgs.gov/earthquakes/eventpage/us7000m89r
2024-03-22 11:11:18.462,"Kermadec Islands, New Zealand",4.8,48.742,-177.7084,-29.7419,earthquake,us6000mkgv,https://earthquake.usgs.gov/earthquakes/eventpage/us6000mkgv
2024-03-22 10:57:22.249,"117 km N of Paciran, Indonesia",4.5,10.0,112.3642,-5.8168,earthquake,us7000m89e,https://earthquake.usgs.gov/earthquakes/eventpage/us7000m89e
2024-03-22 10:36:33.408,"90 km NW of Arthurs Point, New Zealand",4.8,7.176,167.9632,-44.3426,earthquake,us6000mkgs,https://earthquake.usgs.gov/earthquakes/eventpage/us6000mkgs
2024-03-22 10:33:01.734,south of the Kermadec Islands,4.7,10.0,-178.9107,-33.6092,earthquake,us6000mkgr,https://earthquake.usgs.gov/earthquakes/eventpage/us6000mkgr
2024-03-22 09:55:46.162,"110 km N of Paciran, Indonesia",4.6,10.0,112.4008,-5.8799,earthquake,us7000m89n,https://earthquake.usgs.gov/earthquakes/eventpage/us7000m89n
2024-03-22 09:19:27.205,"111 km N of Paciran, Indonesia",4.7,10.0,112.4593,-5.8687,earthquake,us6000mkgc,https://earthquake.usgs.gov/earthquakes/eventpage/us6000mkgc
2024-03-22 08:52:58.999,"110 km N of Paciran, Indonesia",6.4,9.471,112.3646,-5.8754,earthquake,us6000mkfz,https://earthquake.usgs.gov/earthquakes/eventpage/us6000mkfz
2024-03-22 05:36:30.058,"156 km ESE of Akutan, Alaska",4.6,24.631,-163.6949,53.4494,earthquake,us6000mkf7,https://earthquake.usgs.gov/earthquakes/eventpage/us6000mkf7
2024-03-22 05:31:12.251,"107 km N of Paciran, Indonesia",5.2,10.0,112.3829,-5.909,earthquake,us6000mkf6,https://earthquake.usgs.gov/earthquakes/eventpage/us6000mkf6
2024-03-22 05:21:44.929,"150 km SSW of Kokopo, Papua New Guinea",4.8,67.424,151.6423,-5.5535,earthquake,us6000mkf3,https://earthquake.usgs.gov/earthquakes/eventpage/us6000mkf3
2024-03-22 05:20:40.487,"32 km WSW of Agios Georgis, Greece",4.8,10.0,19.3362,39.6534,earthquake,us6000mkf2,https://earthquake.usgs.gov/earthquakes/eventpage/us6000mkf2
2024-03-22 04:43:15.505,south of the Fiji Islands,4.5,521.789,179.8189,-24.357,earthquake,us6000mker,https://earthquake.usgs.gov/earthquakes/eventpage/us6000mker
2024-03-22 04:22:45.531,"117 km N of Paciran, Indonesia",5.6,10.0,112.3187,-5.8155,earthquake,us6000mkej,https://earthquake.usgs.gov/earthquakes/eventpage/us6000mkej
2024-03-22 03:47:04.011,"30 km ENE of Karakenja, Tajikistan",5.2,3.161,71.8628,39.3279,earthquake,us6000mkeg,https://earthquake.usgs.gov/earthquakes/eventpage/us6000mkeg
2024-03-22 02:48:13.401,"180 km NW of Agats, Indonesia",4.5,10.0,137.1257,-4.26,earthquake,us7000m897,https://earthquake.usgs.gov/earthquakes/eventpage/us7000m897
2024-03-22 00:19:14.621,"211 km SSE of Sarangani, Philippines",4.5,71.962,126.246,3.6607,earthquake,us6000mkds,https://earthquake.usgs.gov/earthquakes/eventpage/us6000mkds
2024-03-21 23:29:49.538,Kermadec Islands region,4.8,17.708,-176.4867,-27.4398,earthquake,us7000m841,https://earthquake.usgs.gov/earthquakes/eventpage/us7000m841
2024-03-21 13:56:14.998,"87 km SE of La Tirana, Chile",4.5,117.033,-69.0262,-20.8538,earthquake,us6000mk96,https://earthquake.usgs.gov/earthquakes/eventpage/us6000mk96
2024-03-21 10:49:52.046,"10 km NW of Hualien City, Taiwan",4.7,24.281,121.5441,24.0588,earthquake,us6000mk8h,https://earthquake.usgs.gov/earthquakes/eventpage/us6000mk8h
2024-03-21 09:19:41.423,"293 km ESE of Port Mathurin, Mauritius",4.5,10.0,65.9781,-20.7755,earthquake,us7000m83w,https://earthquake.usgs.gov/earthquakes/eventpage/us7000m83w
2024-03-21 07:02:49.517,"Izu Islands, Japan region",4.6,10.0,142.267,29.298,earthquake,us7000m83r,https://earthquake.usgs.gov/earthquakes/eventpage/us7000m83r
2024-03-21 02:47:21.923,South Sandwich Islands region,5.2,43.89,-25.6366,-59.0115,earthquake,us6000mk65,https://earthquake.usgs.gov/earthquakes/eventpage/us6000mk65
2024-03-21 02:00:01.178,"20 km N of Norsup, Vanuatu",4.5,69.326,167.3953,-15.8768,earthquake,us7000m83e,https://earthquake.usgs.gov/earthquakes/eventpage/us7000m83e
2024-03-21 00:38:31.223,"20 km NNE of Basmat, India",4.6,10.0,77.2545,19.4899,earthquake,us6000mk51,https://earthquake.usgs.gov/earthquakes/eventpage/us6000mk51
2024-03-21 00:19:13.120,"175 km ESE of Biak, Indonesia",5.1,12.374,137.4266,-2.008,earthquake,us6000mk4w,https://earthquake.usgs.gov/earthquakes/eventpage/us6000mk4w
2024-03-21 00:08:02.844,"1 km S of Kasukabe, Japan",5.2,45.002,139.748,35.9739,earthquake,us6000mk4v,https://earthquake.usgs.gov/earthquakes/eventpage/us6000mk4v
2024-03-20 19:50:55.757,Kermadec Islands region,5.3,441.673,179.7294,-31.4035,earthquake,us6000mk3m,https://earthquake.usgs.gov/earthquakes/eventpage/us6000mk3m
2024-03-20 16:58:04.239,western Xizang,4.9,10.0,86.3532,34.1004,earthquake,us6000mk15,https://earthquake.usgs.gov/earthquakes/eventpage/us6000mk15
2024-03-20 15:18:30.866,"95 km ENE of Wé, New Caledonia",4.6,10.0,168.1424,-20.6589,earthquake,us7000m7xk,https://earthquake.usgs.gov/earthquakes/eventpage/us7000m7xk
2024-03-20 12:10:43.268,"218 km NE of Lospalos, Timor Leste",4.9,154.783,128.5769,-7.32,earthquake,us6000mk00,https://earthquake.usgs.gov/earthquakes/eventpage/us6000mk00
2024-03-20 08:52:22.605,"270 km NE of Lospalos, Timor Leste",4.6,148.278,129.0233,-7.1405,earthquake,us6000mjy6,https://earthquake.usgs.gov/earthquakes/eventpage/us6000mjy6
2024-03-20 08:24:57.931,"97 km E of Tuapejat, Indonesia",5.0,67.702,100.4628,-2.0189,earthquake,us6000mjy1,https://earthquake.usgs.gov/earthquakes/eventpage/us6000mjy1
2024-03-20 05:48:18.048,South Sandwich Islands region,5.6,89.0,-27.259,-56.2515,earthquake,us6000mjx0,https://earthquake.usgs.gov/earthquakes/eventpage/us6000mjx0
2024-03-20 04:49:58.797,"9 km WNW of Donaji, Mexico",4.8,127.718,-95.1398,17.2611,earthquake,us6000mjwg,https://earthquake.usgs.gov/earthquakes/eventpage/us6000mjwg
2024-03-20 03:25:17.477,"173 km ENE of Neiafu, Tonga",4.5,10.0,-172.5246,-17.9345,earthquake,us7000m7x7,https://earthquake.usgs.gov/earthquakes/eventpage/us7000m7x7
2024-03-20 02:09:21.490,"37 km ENE of Kimbe, Papua New Guinea",4.5,128.188,150.4634,-5.4555,earthquake,us6000mjvy,https://earthquake.usgs.gov/earthquakes/eventpage/us6000mjvy
2024-03-19 23:49:06.221,north of Ascension Island,4.6,10.0,-13.027,-1.5484,earthquake,us6000mkjl,https://earthquake.usgs.gov/earthquakes/eventpage/us6000mkjl
2024-03-19 21:52:02.793,southeast of the Loyalty Islands,4.8,40.081,173.3894,-22.3848,earthquake,us6000mkjk,https://earthquake.usgs.gov/earthquakes/eventpage/us6000mkjk
2024-03-19 21:27:01.034,"68 km WNW of Nushki, Pakistan",5.3,6.0,65.3531,29.7493,earthquake,us6000mjux,https://earthquake.usgs.gov/earthquakes/eventpage/us6000mjux
2024-03-19 18:07:02.532,Pacific-Antarctic Ridge,5.5,10.0,-143.3884,-56.4959,earthquake,us6000mk0i,https://earthquake.usgs.gov/earthquakes/eventpage/us6000mk0i
2024-03-19 17:53:22.521,south of the Kermadec Islands,4.5,10.0,-178.301,-32.4143,earthquake,us6000mkjf,https://earthquake.usgs.gov/earthquakes/eventpage/us6000mkjf
2024-03-19 17:52:24.875,"31 km WSW of Saint George's, Grenada",4.5,141.697,-62.0271,11.9564,earthquake,us6000mjtq,https://earthquake.usgs.gov/earthquakes/eventpage/us6000mjtq
2024-03-19 16:14:16.863,"82 km ESE of Yakutat, Alaska",4.6,10.9,-138.516,59.1474,earthquake,ak0243mx2dy7,https://earthquake.usgs.gov/earthquakes/eventpage/ak0243mx2dy7
2024-03-19 14:39:08.812,"39 km S of Kirakira, Solomon Islands",5.0,61.638,161.8513,-10.8006,earthquake,us6000mjuc,https://earthquake.usgs.gov/earthquakes/eventpage/us6000mjuc
2024-03-19 14:15:26.360,"31 km SSE of Wau, Papua New Guinea",4.6,9.022,146.7987,-7.6114,earthquake,us6000mkj6,https://earthquake.usgs.gov/earthquakes/eventpage/us6000mkj6
2024-03-19 14:13:46.784,"291 km W of Tual, Indonesia",4.6,9.784,130.1513,-6.0235,earthquake,us6000mkj7,https://earthquake.usgs.gov/earthquakes/eventpage/us6000mkj7
2024-03-19 14:10:14.027,"113 km NW of Sola, Vanuatu",4.5,184.095,166.8783,-13.0928,earthquake,us6000mjrs,https://earthquake.usgs.gov/earthquakes/eventpage/us6000mjrs
2024-03-19 13:00:02.784,"112 km S of Lata, Solomon Islands",4.9,6.252,165.7369,-11.7385,earthquake,us6000mkj5,https://earthquake.usgs.gov/earthquakes/eventpage/us6000mkj5
2024-03-19 11:20:28.395,"32 km SE of Hualien City, Taiwan",4.6,19.486,121.8192,23.7635,earthquake,us6000mjr8,https://earthquake.usgs.gov/earthquakes/eventpage/us6000mjr8
2024-03-19 08:21:32.152,"133 km NE of Lospalos, Timor Leste",4.5,161.916,127.6824,-7.5295,earthquake,us6000mjqq,https://earthquake.usgs.gov/earthquakes/eventpage/us6000mjqq
2024-03-19 04:03:07.413,"123 km WNW of Ternate, Indonesia",4.9,57.173,126.331,1.1459,earthquake,us6000mjqa,https://earthquake.usgs.gov/earthquakes/eventpage/us6000mjqa
2024-03-19 03:01:09.061,"105 km E of Tadine, New Caledonia",4.6,10.0,168.8866,-21.7193,earthquake,us6000mjqs,https://earthquake.usgs.gov/earthquakes/eventpage/us6000mjqs
2024-03-19 02:25:31.684,Kermadec Islands region,5.5,9.961,-179.131,-31.2982,earthquake,us6000mjpw,https://earthquake.usgs.gov/earthquakes/eventpage/us6000mjpw
2024-03-19 01:15:07.141,"68 km SSE of Hiroo, Japan",4.5,44.534,143.6879,41.7424,earthquake,us6000mjpp,https://earthquake.usgs.gov/earthquakes/eventpage/us6000mjpp
2024-03-19 00:35:18.851,"64 km WNW of Nushki, Pakistan",5.5,8.0,65.3791,29.6902,earthquake,us6000mjpj,https://earthquake.usgs.gov/earthquakes/eventpage/us6000mjpj
2024-03-18 17:46:29.621,"132 km SSE of Kuril’sk, Russia",4.7,35.0,148.4557,44.1055,earthquake,us6000mjm8,https://earthquake.usgs.gov/earthquakes/eventpage/us6000mjm8
2024-03-18 17:37:19.180,"107 km NNW of Piti Village, Guam",4.6,13.312,144.1943,14.305,earthquake,us6000mjlf,https://earthquake.usgs.gov/earthquakes/eventpage/us6000mjlf
2024-03-18 16:12:34.179,"15 km NW of Ibusuki, Japan",4.5,129.261,130.517,31.3103,earthquake,us6000mjl9,https://earthquake.usgs.gov/earthquakes/eventpage/us6000mjl9
2024-03-18 14:32:32.616,"Volcano Islands, Japan region",4.5,35.222,142.5646,24.2597,earthquake,us6000mkhk,https://earthquake.usgs.gov/earthquakes/eventpage/us6000mkhk
2024-03-18 13:14:20.054,"29 km SSE of Mkuranga, Tanzania",4.5,10.0,39.3449,-7.3443,earthquake,us6000mjkm,https://earthquake.usgs.gov/earthquakes/eventpage/us6000mjkm
2024-03-18 11:04:41.113,"Volcano Islands, Japan region",5.3,35.0,142.7619,24.2346,earthquake,us6000mjkb,https://earthquake.usgs.gov/earthquakes/eventpage/us6000mjkb
2024-03-18 10:08:54.535,"89 km SW of Puerto Cortés, Costa Rica",4.5,10.0,-84.1576,8.4554,earthquake,us6000mjk7,https://earthquake.usgs.gov/earthquakes/eventpage/us6000mjk7
2024-03-18 09:35:15.074,"126 km E of Bitung, Indonesia",4.9,35.211,126.259,1.5419,earthquake,us6000mjk4,https://earthquake.usgs.gov/earthquakes/eventpage/us6000mjk4
2024-03-18 08:15:00.689,West Chile Rise,4.5,10.0,-89.8194,-40.8266,earthquake,us6000mjjw,https://earthquake.usgs.gov/earthquakes/eventpage/us6000mjjw
2024-03-18 05:11:55.635,"15 km SE of Dolores, Philippines",4.5,35.0,125.5867,11.9462,earthquake,us6000mkhd,https://earthquake.usgs.gov/earthquakes/eventpage/us6000mkhd
2024-03-18 02:47:31.657,Pacific-Antarctic Ridge,4.6,10.0,-132.1155,-54.0187,earthquake,us6000mkhb,https://earthquake.usgs.gov/earthquakes/eventpage/us6000mkhb
2024-03-18 01:39:31.936,"177 km SW of Houma, Tonga",4.5,150.411,-176.6137,-22.2034,earthquake,us6000mjir,https://earthquake.usgs.gov/earthquakes/eventpage/us6000mjir
2024-03-18 00:45:47.063,"115 km S of Akureyri, Iceland",4.7,10.0,-17.7271,64.6558,earthquake,us6000mjim,https://earthquake.usgs.gov/earthquakes/eventpage/us6000mjim
2024-03-18 00:18:03.554,"56 km N of Lae, Papua New Guinea",5.1,86.441,146.9556,-6.2159,earthquake,us6000mjij,https://earthquake.usgs.gov/earthquakes/eventpage/us6000mjij
2024-03-17 23:41:41.218,"208 km SE of Pondaguitan, Philippines",4.7,125.895,127.3776,4.9072,earthquake,us6000mjif,https://earthquake.usgs.gov/earthquakes/eventpage/us6000mjif
2024-03-17 21:03:44.164,"61 km ENE of Mohr, Iran",4.9,10.0,53.4818,27.7131,earthquake,us6000mjhl,https://earthquake.usgs.gov/earthquakes/eventpage/us6000mjhl
2024-03-17 19:31:13.908,"86 km SE of Sarangani, Philippines",4.5,95.074,126.0525,4.8928,earthquake,us6000mjh7,https://earthquake.usgs.gov/earthquakes/eventpage/us6000mjh7
2024-03-17 17:30:36.454,"Pagan region, Northern Mariana Islands",4.5,262.069,145.6043,18.0083,earthquake,us6000mjgw,https://earthquake.usgs.gov/earthquakes/eventpage/us6000mjgw
2024-03-17 16:16:38.746,east of the Kuril Islands,4.6,10.0,156.4525,47.7766,earthquake,us6000mjgj,https://earthquake.usgs.gov/earthquakes/eventpage/us6000mjgj
2024-03-17 15:28:12.611,"77 km SW of Atiquipa, Peru",4.6,10.0,-74.9577,-16.1941,earthquake,us6000mjg7,https://earthquake.usgs.gov/earthquakes/eventpage/us6000mjg7
2024-03-17 11:10:16.687,"210 km SE of Lorengau, Papua New Guinea",5.3,10.0,148.6471,-3.3388,earthquake,us6000mjfc,https://earthquake.usgs.gov/earthquakes/eventpage/us6000mjfc
2024-03-17 09:41:37.675,western Indian-Antarctic Ridge,4.5,10.0,125.698,-49.6708,earthquake,us6000mkab,https://earthquake.usgs.gov/earthquakes/eventpage/us6000mkab
2024-03-17 08:58:54.610,"104 km NNW of Piti Village, Guam",4.7,10.0,144.2169,14.2812,earthquake,us6000mjet,https://earthquake.usgs.gov/earthquakes/eventpage/us6000mjet
2024-03-17 08:23:51.250,central Mid-Atlantic Ridge,4.7,10.0,-27.8753,0.7165,earthquake,us6000mjep,https://earthquake.usgs.gov/earthquakes/eventpage/us6000mjep
2024-03-17 06:03:55.541,"162 km N of Las Khorey, Somalia",5.2,10.0,48.0066,12.6124,earthquake,us6000mjed,https://earthquake.usgs.gov/earthquakes/eventpage/us6000mjed
2024-03-17 05:56:41.034,"75 km N of Segunda Jerusalén - Azunguillo, Peru",4.5,9.925,-77.1613,-5.3197,earthquake,us6000mjeb,https://earthquake.usgs.gov/earthquakes/eventpage/us6000mjeb
2024-03-17 04:48:27.354,"Kermadec Islands, New Zealand",4.5,68.131,-178.1788,-30.3609,earthquake,us6000mka6,https://earthquake.usgs.gov/earthquakes/eventpage/us6000mka6
2024-03-17 04:03:20.246,"50 km SSW of Jiquilillo, Nicaragua",4.9,62.039,-87.6505,12.3358,earthquake,us6000mje0,https://earthquake.usgs.gov/earthquakes/eventpage/us6000mje0
2024-03-17 04:00:13.173,"268 km SSW of ‘Ohonua, Tonga",4.5,35.0,-175.5674,-23.7015,earthquake,us6000mka5,https://earthquake.usgs.gov/earthquakes/eventpage/us6000mka5
2024-03-17 01:37:07.183,"50 km SSE of Tari, Papua New Guinea",4.9,10.0,143.0669,-6.2822,earthquake,us6000mjdf,https://earthquake.usgs.gov/earthquakes/eventpage/us6000mjdf
2024-03-17 00:44:02.920,"45 km SSW of Jiquilillo, Nicaragua",5.6,48.0,-87.6546,12.3856,earthquake,us6000mjct,https://earthquake.usgs.gov/earthquakes/eventpage/us6000mjct
2024-03-16 21:17:04.821,"44 km ESE of Tomioka, Japan",5.3,48.55,141.4549,37.1332,earthquake,us6000mjbp,https://earthquake.usgs.gov/earthquakes/eventpage/us6000mjbp
2024-03-16 16:51:21.493,Banda Sea,4.5,9.098,129.8438,-6.2941,earthquake,us6000mk88,https://earthquake.usgs.gov/earthquakes/eventpage/us6000mk88
2024-03-16 16:39:07.676,"75 km WNW of Tamarindo, Costa Rica",4.5,25.004,-86.4266,10.6671,earthquake,us6000mjam,https://earthquake.usgs.gov/earthquakes/eventpage/us6000mjam
2024-03-16 15:38:55.908,Kermadec Islands region,4.6,10.0,-176.3739,-30.021,earthquake,us6000mk80,https://earthquake.usgs.gov/earthquakes/eventpage/us6000mk80
2024-03-16 13:56:30.246,"124 km SW of Puerto Madero, Mexico",4.7,10.0,-93.218,13.9101,earthquake,us6000mja9,https://earthquake.usgs.gov/earthquakes/eventpage/us6000mja9
2024-03-16 13:46:31.991,"Maug Islands region, Northern Mariana Islands",4.7,8.033,145.3321,20.2311,earthquake,us6000mja7,https://earthquake.usgs.gov/earthquakes/eventpage/us6000mja7
2024-03-16 13:07:16.190,"159 km E of Aras-asan, Philippines",4.5,10.0,127.7603,9.0106,earthquake,us6000mk7v,https://earthquake.usgs.gov/earthquakes/eventpage/us6000mk7v
2024-03-16 12:28:22.165,"14 km NE of Carrascal, Philippines",4.5,66.958,126.0399,9.4707,earthquake,us6000mk7t,https://earthquake.usgs.gov/earthquakes/eventpage/us6000mk7t
2024-03-16 08:05:09.427,"23 km SW of Sanana, Indonesia",4.5,10.837,125.8073,-2.186,earthquake,us6000mk7x,https://earthquake.usgs.gov/earthquakes/eventpage/us6000mk7x
2024-03-16 07:24:30.022,Carlsberg Ridge,4.6,10.0,68.3413,-0.0263,earthquake,us6000mj8s,https://earthquake.usgs.gov/earthquakes/eventpage/us6000mj8s
2024-03-16 07:09:30.198,"56 km WNW of Edd, Eritrea",4.5,9.852,41.1815,14.0351,earthquake,us6000mj8r,https://earthquake.usgs.gov/earthquakes/eventpage/us6000mj8r
2024-03-16 03:32:02.419,"134 km ENE of Kimbe, Papua New Guinea",5.3,10.0,151.2304,-5.0223,earthquake,us6000mj83,https://earthquake.usgs.gov/earthquakes/eventpage/us6000mj83
2024-03-16 00:38:47.236,"98 km NE of Tobelo, Indonesia",4.7,52.802,128.6532,2.3458,earthquake,us6000mj7c,https://earthquake.usgs.gov/earthquakes/eventpage/us6000mj7c
2024-03-16 00:14:51.989,Macquarie Island region,5.9,10.0,158.3538,-58.935,earthquake,us6000mj77,https://earthquake.usgs.gov/earthquakes/eventpage/us6000mj77
2024-03-15 23:52:10.532,"215 km NW of Tobelo, Indonesia",4.6,35.522,126.8012,3.2463,earthquake,us6000mj6x,https://earthquake.usgs.gov/earthquakes/eventpage/us6000mj6x
2024-03-15 23:09:34.703,"134 km N of Hihifo, Tonga",4.5,9.685,-173.8251,-14.7424,earthquake,us6000mk25,https://earthquake.usgs.gov/earthquakes/eventpage/us6000mk25
2024-03-15 20:41:13.203,"105 km SE of Lata, Solomon Islands",4.6,99.991,166.4132,-11.4638,earthquake,us6000mk22,https://earthquake.usgs.gov/earthquakes/eventpage/us6000mk22
2024-03-15 20:17:46.665,"41 km ENE of Al Hoceïma, Morocco",4.5,8.919,-3.5566,35.4522,earthquake,us6000mj5v,https://earthquake.usgs.gov/earthquakes/eventpage/us6000mj5v
2024-03-15 19:49:10.816,"95 km ENE of Kuqa, China",4.6,17.504,84.0078,42.0295,earthquake,us6000mj59,https://earthquake.usgs.gov/earthquakes/eventpage/us6000mj59
2024-03-15 16:40:03.499,"2 km NNW of Cabadiangan, Philippines",4.6,10.0,122.4649,9.7726,earthquake,us6000mk23,https://earthquake.usgs.gov/earthquakes/eventpage/us6000mk23
2024-03-15 15:03:09.247,West Chile Rise,4.8,10.0,-82.3761,-42.6799,earthquake,us6000mj2b,https://earthquake.usgs.gov/earthquakes/eventpage/us6000mj2b
2024-03-15 12:44:06.609,"278 km WNW of Houma, Tonga",4.6,511.31,-177.8296,-20.3423,earthquake,us6000mj1w,https://earthquake.usgs.gov/earthquakes/eventpage/us6000mj1w
2024-03-15 11:04:00.560,"46 km E of Tatsugō, Japan",5.0,15.778,130.0753,28.432,earthquake,us6000mj1p,https://earthquake.usgs.gov/earthquakes/eventpage/us6000mj1p
2024-03-15 10:51:47.360,south of the Fiji Islands,4.5,84.941,-177.0305,-26.2181,earthquake,us6000mk1p,https://earthquake.usgs.gov/earthquakes/eventpage/us6000mk1p
2024-03-15 10:32:50.046,"49 km E of Tatsugō, Japan",5.6,20.0,130.1034,28.4192,earthquake,us6000mj1l,https://earthquake.usgs.gov/earthquakes/eventpage/us6000mj1l
2024-03-15 07:18:56.939,south of the Fiji Islands,4.8,512.479,179.6028,-25.3454,earthquake,us6000mj01,https://earthquake.usgs.gov/earthquakes/eventpage/us6000mj01
2024-03-15 06:31:01.820,"168 km E of Noda, Japan",4.7,24.888,143.7547,40.4117,earthquake,us6000mizz,https://earthquake.usgs.gov/earthquakes/eventpage/us6000mizz
2024-03-15 03:13:58.475,"42 km S of Puerto El Triunfo, El Salvador",4.9,63.337,-88.5183,12.901,earthquake,us6000mizf,https://earthquake.usgs.gov/earthquakes/eventpage/us6000mizf
2024-03-15 00:09:45.569,"34 km NNW of Isangel, Vanuatu",4.6,113.863,169.1014,-19.2851,earthquake,us6000mk1a,https://earthquake.usgs.gov/earthquakes/eventpage/us6000mk1a
2024-03-14 23:31:31.496,"101 km E of Aras-asan, Philippines",4.8,10.0,127.2282,8.9576,earthquake,us6000miys,https://earthquake.usgs.gov/earthquakes/eventpage/us6000miys
2024-03-14 22:52:29.577,"66 km ENE of Hinatuan, Philippines",4.7,57.107,126.9006,8.5774,earthquake,us6000miyl,https://earthquake.usgs.gov/earthquakes/eventpage/us6000miyl
2024-03-14 22:03:15.365,"85 km WNW of Kīsh, Iran",4.6,15.461,53.2178,26.8319,earthquake,us6000mjzl,https://earthquake.usgs.gov/earthquakes/eventpage/us6000mjzl
2024-03-14 22:00:10.899,northern Mid-Atlantic Ridge,4.5,10.0,-42.7933,29.9323,earthquake,us6000mjzm,https://earthquake.usgs.gov/earthquakes/eventpage/us6000mjzm
2024-03-14 21:54:21.321,northern Mid-Atlantic Ridge,4.9,10.0,-42.6056,29.602,earthquake,us6000miyf,https://earthquake.usgs.gov/earthquakes/eventpage/us6000miyf
2024-03-14 21:50:13.793,northern Mid-Atlantic Ridge,4.9,10.0,-42.6841,29.6243,earthquake,us6000miyc,https://earthquake.usgs.gov/earthquakes/eventpage/us6000miyc
2024-03-14 21:29:12.936,northern Mid-Atlantic Ridge,5.4,10.0,-42.6288,29.6206,earthquake,us6000miya,https://earthquake.usgs.gov/earthquakes/eventpage/us6000miya
2024-03-14 21:15:10.651,northern Mid-Atlantic Ridge,5.0,10.0,-42.8437,29.9929,earthquake,us6000mjzk,https://earthquake.usgs.gov/earthquakes/eventpage/us6000mjzk
2024-03-14 21:10:24.786,northern Mid-Atlantic Ridge,6.2,10.0,-42.6608,29.7971,earthquake,us6000miy6,https://earthquake.usgs.gov/earthquakes/eventpage/us6000miy6
2024-03-14 21:02:03.461,northern Mid-Atlantic Ridge,4.6,10.0,-42.8607,29.7125,earthquake,us6000mjzt,https://earthquake.usgs.gov/earthquakes/eventpage/us6000mjzt
2024-03-14 21:01:21.582,northern Mid-Atlantic Ridge,4.8,10.0,-42.8174,29.5241,earthquake,us6000miy5,https://earthquake.usgs.gov/earthquakes/eventpage/us6000miy5
2024-03-14 20:00:06.954,northern Mid-Atlantic Ridge,5.2,10.0,-42.7949,29.7656,earthquake,us6000mixv,https://earthquake.usgs.gov/earthquakes/eventpage/us6000mixv
2024-03-14 15:14:35.701,"21 km E of Iwaki, Japan",5.6,44.0,141.1231,37.083,earthquake,us6000miuf,https://earthquake.usgs.gov/earthquakes/eventpage/us6000miuf
2024-03-14 12:20:39.032,"34 km NE of Port-Olry, Vanuatu",4.8,162.274,167.3379,-14.86,earthquake,us6000miti,https://earthquake.usgs.gov/earthquakes/eventpage/us6000miti
2024-03-14 09:50:33.579,"63 km WNW of Edd, Eritrea",4.6,10.0,41.1232,14.0645,earthquake,us6000mit2,https://earthquake.usgs.gov/earthquakes/eventpage/us6000mit2
2024-03-14 09:37:51.885,"71 km ENE of Mutsu, Japan",4.6,63.273,142.0446,41.4598,earthquake,us6000misz,https://earthquake.usgs.gov/earthquakes/eventpage/us6000misz
2024-03-14 08:36:22.421,"48 km WNW of Kuqa, China",4.7,10.0,82.4378,41.9547,earthquake,us6000misv,https://earthquake.usgs.gov/earthquakes/eventpage/us6000misv
2024-03-14 08:27:16.276,"99 km WSW of Yanglong, China",4.7,10.0,97.3348,38.5543,earthquake,us6000mist,https://earthquake.usgs.gov/earthquakes/eventpage/us6000mist
2024-03-14 06:13:01.910,"264 km E of Port Blair, India",4.8,10.0,95.1326,11.2699,earthquake,us6000misc,https://earthquake.usgs.gov/earthquakes/eventpage/us6000misc
2024-03-14 03:06:47.754,"22 km ENE of Bileća, Bosnia and Herzegovina",5.4,16.067,18.6883,42.954,earthquake,us6000mirj,https://earthquake.usgs.gov/earthquakes/eventpage/us6000mirj
2024-03-14 00:51:37.829,"88 km ENE of Masohi, Indonesia",4.9,10.0,129.6562,-2.8997,earthquake,us6000miqp,https://earthquake.usgs.gov/earthquakes/eventpage/us6000miqp
2024-03-13 23:46:21.266,southeast Indian Ridge,5.0,10.0,105.3591,-48.5615,earthquake,us6000mjtb,https://earthquake.usgs.gov/earthquakes/eventpage/us6000mjtb
2024-03-13 23:05:04.208,"109 km WNW of Puerto, Chile",4.6,8.933,-71.0479,-19.7072,earthquake,us6000miqh,https://earthquake.usgs.gov/earthquakes/eventpage/us6000miqh
2024-03-13 22:10:34.219,"128 km WNW of Puerto, Chile",5.0,20.044,-71.2587,-19.7124,earthquake,us6000miqd,https://earthquake.usgs.gov/earthquakes/eventpage/us6000miqd
2024-03-13 22:10:23.091,"104 km WNW of Puerto, Chile",4.8,19.859,-71.0084,-19.72,earthquake,us6000miq9,https://earthquake.usgs.gov/earthquakes/eventpage/us6000miq9
2024-03-13 21:12:10.863,South Sandwich Islands region,4.5,36.616,-27.76,-55.5447,earthquake,us6000mjtc,https://earthquake.usgs.gov/earthquakes/eventpage/us6000mjtc
2024-03-13 20:06:34.414,western Indian-Antarctic Ridge,5.5,10.0,125.8833,-49.6592,earthquake,us6000mipe,https://earthquake.usgs.gov/earthquakes/eventpage/us6000mipe
2024-03-13 19:06:06.206,"109 km SE of Modisi, Indonesia",5.0,42.886,125.2292,-0.1274,earthquake,us6000minz,https://earthquake.usgs.gov/earthquakes/eventpage/us6000minz
2024-03-13 18:56:14.833,"111 km SE of Modisi, Indonesia",5.7,39.0,125.2455,-0.1457,earthquake,us6000minw,https://earthquake.usgs.gov/earthquakes/eventpage/us6000minw
2024-03-13 18:29:32.505,"240 km SSE of Sarangani, Philippines",4.5,49.974,126.6472,3.584,earthquake,us6000mjt4,https://earthquake.usgs.gov/earthquakes/eventpage/us6000mjt4
2024-03-13 17:40:25.311,"6 km WSW of Buenavista, Philippines",4.5,59.826,126.1078,9.08,earthquake,us6000mjt7,https://earthquake.usgs.gov/earthquakes/eventpage/us6000mjt7
2024-03-13 16:39:21.786,Banda Sea,5.0,169.876,129.8569,-6.5577,earthquake,us6000mimk,https://earthquake.usgs.gov/earthquakes/eventpage/us6000mimk
2024-03-13 15:25:51.506,"17 km ENE of Malita, Philippines",4.6,151.622,125.7493,6.4958,earthquake,us6000mjt0,https://earthquake.usgs.gov/earthquakes/eventpage/us6000mjt0
2024-03-13 15:24:11.785,"46 km SE of Farkhār, Afghanistan",4.9,133.299,70.21,36.2706,earthquake,us6000milk,https://earthquake.usgs.gov/earthquakes/eventpage/us6000milk
2024-03-13 15:13:22.779,"68 km ESE of Kimbe, Papua New Guinea",6.0,44.0,150.6843,-5.831,earthquake,us6000milg,https://earthquake.usgs.gov/earthquakes/eventpage/us6000milg
2024-03-13 13:01:59.899,northern Mid-Atlantic Ridge,4.6,10.0,-46.9064,16.9938,earthquake,us6000mjsy,https://earthquake.usgs.gov/earthquakes/eventpage/us6000mjsy
2024-03-13 11:24:42.107,"37 km E of Iwaki, Japan",4.6,48.32,141.3001,37.059,earthquake,us6000mikg,https://earthquake.usgs.gov/earthquakes/eventpage/us6000mikg
2024-03-13 09:38:32.834,South Sandwich Islands region,4.7,10.0,-23.7531,-57.7997,earthquake,us6000mjss,https://earthquake.usgs.gov/earthquakes/eventpage/us6000mjss
2024-03-13 09:30:04.955,"84 km N of Camiña, Chile",5.3,108.901,-69.3029,-18.5627,earthquake,us6000mijr,https://earthquake.usgs.gov/earthquakes/eventpage/us6000mijr
2024-03-13 08:26:38.917,"54 km WNW of Manta, Ecuador",4.5,10.0,-81.1198,-0.6921,earthquake,us6000mjsn,https://earthquake.usgs.gov/earthquakes/eventpage/us6000mjsn
2024-03-13 07:08:43.885,"84 km SSE of Naze, Japan",4.7,22.286,129.8041,27.6591,earthquake,us6000mij7,https://earthquake.usgs.gov/earthquakes/eventpage/us6000mij7
2024-03-13 06:44:22.335,"66 km WSW of Panguna, Papua New Guinea",4.6,71.372,154.9251,-6.5336,earthquake,us6000mjsk,https://earthquake.usgs.gov/earthquakes/eventpage/us6000mjsk
2024-03-13 04:41:01.434,"96 km NE of Tobelo, Indonesia",4.5,238.1,128.53,2.4283,earthquake,us6000mjsi,https://earthquake.usgs.gov/earthquakes/eventpage/us6000mjsi
2024-03-13 04:20:12.659,"190 km NNW of Puerto Ayora, Ecuador",4.6,10.0,-90.8147,0.9113,earthquake,us6000miin,https://earthquake.usgs.gov/earthquakes/eventpage/us6000miin
2024-03-13 02:50:35.345,"15 km N of Oyolo, Peru",4.7,78.748,-73.1932,-15.0414,earthquake,us6000miic,https://earthquake.usgs.gov/earthquakes/eventpage/us6000miic
2024-03-12 22:54:13.708,"112 km NNE of Hihifo, Tonga",4.7,25.495,-173.3145,-15.0469,earthquake,us6000mjmc,https://earthquake.usgs.gov/earthquakes/eventpage/us6000mjmc
2024-03-12 22:04:52.377,"30 km NE of Salcabamba, Peru",4.5,10.248,-74.6082,-11.9866,earthquake,us6000mihq,https://earthquake.usgs.gov/earthquakes/eventpage/us6000mihq
2024-03-12 21:20:48.527,South Sandwich Islands region,4.7,55.339,-27.0453,-60.3287,earthquake,us6000mjmh,https://earthquake.usgs.gov/earthquakes/eventpage/us6000mjmh
2024-03-12 20:56:50.948,"94 km SW of Atka, Alaska",4.6,37.858,-175.1246,51.5731,earthquake,us6000miha,https://earthquake.usgs.gov/earthquakes/eventpage/us6000miha
2024-03-12 16:40:43.057,"152 km SW of Merizo Village, Guam",4.9,20.494,143.7724,12.2003,earthquake,us6000mjmb,https://earthquake.usgs.gov/earthquakes/eventpage/us6000mjmb
2024-03-12 16:27:20.633,"285 km E of Levuka, Fiji",4.6,575.888,-177.9945,-17.9468,earthquake,us6000mjlz,https://earthquake.usgs.gov/earthquakes/eventpage/us6000mjlz
2024-03-12 16:11:19.598,Mid-Indian Ridge,4.5,10.0,67.8853,-20.294,earthquake,us6000mjm5,https://earthquake.usgs.gov/earthquakes/eventpage/us6000mjm5
2024-03-12 15:35:46.902,Fiji region,4.6,564.117,-177.7901,-18.2535,earthquake,us6000mjlx,https://earthquake.usgs.gov/earthquakes/eventpage/us6000mjlx
2024-03-12 14:47:29.385,Mid-Indian Ridge,4.7,10.0,77.4768,-33.7079,earthquake,us6000mjm9,https://earthquake.usgs.gov/earthquakes/eventpage/us6000mjm9
2024-03-12 10:41:03.502,Chagos Archipelago region,5.0,10.0,68.3169,-8.0757,earthquake,us7000m4ub,https://earthquake.usgs.gov/earthquakes/eventpage/us7000m4ub
2024-03-12 09:44:49.599,northern Mid-Atlantic Ridge,4.8,10.0,-44.6428,26.3545,earthquake,us7000m4u6,https://earthquake.usgs.gov/earthquakes/eventpage/us7000m4u6
2024-03-12 05:07:56.903,Macquarie Island region,4.6,10.0,158.865,-59.212,earthquake,us7000m4t8,https://earthquake.usgs.gov/earthquakes/eventpage/us7000m4t8
2024-03-12 05:02:25.344,South Sandwich Islands region,4.9,141.83,-27.6605,-59.9255,earthquake,us7000m4t7,https://earthquake.usgs.gov/earthquakes/eventpage/us7000m4t7
2024-03-12 04:37:30.566,"21 km NNE of Malfa, Italy",4.7,229.675,14.9629,38.7396,earthquake,us7000m4t4,https://earthquake.usgs.gov/earthquakes/eventpage/us7000m4t4
2024-03-12 03:42:32.387,"90 km WSW of San Antonio, Chile",5.1,13.89,-72.5373,-33.8366,earthquake,us7000m4sw,https://earthquake.usgs.gov/earthquakes/eventpage/us7000m4sw
2024-03-12 03:10:29.000,"126 km NE of Hihifo, Tonga",5.0,10.0,-172.9716,-15.1365,earthquake,us7000m4ss,https://earthquake.usgs.gov/earthquakes/eventpage/us7000m4ss
2024-03-11 20:45:02.945,Fiji region,4.5,612.532,-178.9716,-20.9126,earthquake,us7000m4r3,https://earthquake.usgs.gov/earthquakes/eventpage/us7000m4r3
2024-03-11 19:41:58.471,"225 km E of Levuka, Fiji",4.9,573.271,-178.5576,-17.9131,earthquake,us7000m4qp,https://earthquake.usgs.gov/earthquakes/eventpage/us7000m4qp
2024-03-11 15:34:05.243,"27 km NNW of Davila, Philippines",4.5,24.563,120.4876,18.7094,earthquake,us6000mj40,https://earthquake.usgs.gov/earthquakes/eventpage/us6000mj40
2024-03-11 08:04:11.950,"14 km NNE of Kandrian, Papua New Guinea",4.5,51.0,149.6062,-6.0849,earthquake,us7000m4ms,https://earthquake.usgs.gov/earthquakes/eventpage/us7000m4ms
2024-03-11 06:21:49.757,South Sandwich Islands region,4.5,10.0,-26.7184,-57.5889,earthquake,us6000mj3n,https://earthquake.usgs.gov/earthquakes/eventpage/us6000mj3n
2024-03-11 05:46:43.105,"72 km SW of San Juan del Sur, Nicaragua",4.6,35.0,-86.3446,10.7988,earthquake,us7000m4mh,https://earthquake.usgs.gov/earthquakes/eventpage/us7000m4mh
2024-03-11 03:59:01.694,"75 km NW of Tamarindo, Costa Rica",4.5,10.0,-86.4136,10.6832,earthquake,us7000m4m3,https://earthquake.usgs.gov/earthquakes/eventpage/us7000m4m3
2024-03-11 03:47:16.887,"75 km WNW of Tamarindo, Costa Rica",5.0,16.18,-86.4369,10.6428,earthquake,us7000m4m2,https://earthquake.usgs.gov/earthquakes/eventpage/us7000m4m2
2024-03-11 03:29:02.505,"35 km E of Port-Olry, Vanuatu",4.5,129.054,167.3986,-15.0675,earthquake,us6000mj3k,https://earthquake.usgs.gov/earthquakes/eventpage/us6000mj3k
2024-03-11 01:06:22.917,"206 km ENE of Levuka, Fiji",4.5,560.606,-178.8243,-17.4972,earthquake,us7000m4lq,https://earthquake.usgs.gov/earthquakes/eventpage/us7000m4lq
2024-03-10 21:05:16.514,"103 km SSE of Sola, Vanuatu",4.5,10.886,168.0287,-14.691,earthquake,us6000mj2z,https://earthquake.usgs.gov/earthquakes/eventpage/us6000mj2z
2024-03-10 20:33:55.388,west of Macquarie Island,5.0,10.0,139.9642,-52.2729,earthquake,us7000m4kv,https://earthquake.usgs.gov/earthquakes/eventpage/us7000m4kv
2024-03-10 19:52:37.299,"84 km SE of La Tirana, Chile",4.5,111.05,-69.1363,-20.921,earthquake,us7000m4kp,https://earthquake.usgs.gov/earthquakes/eventpage/us7000m4kp
2024-03-10 18:04:38.173,"147 km NW of Coquimbo, Chile",4.6,10.0,-72.6101,-29.2196,earthquake,us7000m4kd,https://earthquake.usgs.gov/earthquakes/eventpage/us7000m4kd
2024-03-10 17:20:01.924,"Izu Islands, Japan region",4.8,10.0,141.7641,31.8613,earthquake,us7000m4ka,https://earthquake.usgs.gov/earthquakes/eventpage/us7000m4ka
2024-03-10 13:55:57.564,"16 km S of Finike, Turkey",4.8,44.819,30.1252,36.1454,earthquake,us7000m4jl,https://earthquake.usgs.gov/earthquakes/eventpage/us7000m4jl
2024-03-10 13:42:26.212,Falkland Islands region,4.6,10.0,-55.3106,-54.5354,earthquake,us6000mj2w,https://earthquake.usgs.gov/earthquakes/eventpage/us6000mj2w
2024-03-10 12:35:08.680,"184 km ESE of Kimbe, Papua New Guinea",5.0,50.855,151.6202,-6.3183,earthquake,us7000m4ja,https://earthquake.usgs.gov/earthquakes/eventpage/us7000m4ja
2024-03-10 10:20:34.287,"263 km ENE of Lospalos, Timor Leste",4.9,136.977,129.028,-7.2613,earthquake,us7000m4iw,https://earthquake.usgs.gov/earthquakes/eventpage/us7000m4iw
2024-03-10 07:41:05.710,"132 km E of Neiafu, Tonga",5.0,10.0,-172.7477,-18.8498,earthquake,us7000m4id,https://earthquake.usgs.gov/earthquakes/eventpage/us7000m4id
2024-03-10 06:26:38.194,"116 km WSW of Abepura, Indonesia",4.5,39.154,139.6323,-2.9216,earthquake,us6000mj2i,https://earthquake.usgs.gov/earthquakes/eventpage/us6000mj2i
2024-03-10 03:05:02.993,"277 km ENE of Lospalos, Timor Leste",5.0,88.58,129.1918,-7.2929,earthquake,us7000m4hd,https://earthquake.usgs.gov/earthquakes/eventpage/us7000m4hd
2024-03-10 00:09:40.139,Mid-Indian Ridge,4.6,10.0,69.4083,-22.6034,earthquake,us6000mj2h,https://earthquake.usgs.gov/earthquakes/eventpage/us6000mj2h
2024-03-09 19:58:53.199,"16 km E of Calama, Chile",4.6,127.451,-68.7624,-22.4356,earthquake,us7000m4fz,https://earthquake.usgs.gov/earthquakes/eventpage/us7000m4fz
2024-03-09 19:23:12.418,"128 km W of Valparaíso, Chile",4.5,13.662,-72.9866,-33.2365,earthquake,us7000m4ft,https://earthquake.usgs.gov/earthquakes/eventpage/us7000m4ft
2024-03-09 16:59:19.948,"219 km N of Saipan, Northern Mariana Islands",4.5,22.63,146.0266,17.1792,earthquake,us6000mj16,https://earthquake.usgs.gov/earthquakes/eventpage/us6000mj16
2024-03-09 15:37:46.051,"Maug Islands region, Northern Mariana Islands",4.5,111.506,145.6841,19.0936,earthquake,us6000mj13,https://earthquake.usgs.gov/earthquakes/eventpage/us6000mj13
2024-03-09 15:27:42.508,"97 km SSE of Isangel, Vanuatu",4.5,129.8,169.692,-20.3333,earthquake,us6000mj12,https://earthquake.usgs.gov/earthquakes/eventpage/us6000mj12
2024-03-09 13:43:55.987,South Sandwich Islands region,4.6,9.954,-28.5071,-56.5306,earthquake,us6000mj10,https://earthquake.usgs.gov/earthquakes/eventpage/us6000mj10
2024-03-09 12:01:09.046,"239 km E of Levuka, Fiji",5.4,592.972,-178.4182,-17.99,earthquake,us7000m4e2,https://earthquake.usgs.gov/earthquakes/eventpage/us7000m4e2
2024-03-09 10:27:17.930,"Kermadec Islands, New Zealand",4.9,44.375,-177.8463,-30.6758,earthquake,us6000mj0y,https://earthquake.usgs.gov/earthquakes/eventpage/us6000mj0y
2024-03-09 10:25:55.753,"Maug Islands region, Northern Mariana Islands",4.7,10.0,145.6742,20.2002,earthquake,us6000mj14,https://earthquake.usgs.gov/earthquakes/eventpage/us6000mj14
2024-03-09 09:22:28.854,"131 km SW of San Pedro de Atacama, Chile",4.5,92.951,-68.9877,-23.8484,earthquake,us7000m4de,https://earthquake.usgs.gov/earthquakes/eventpage/us7000m4de
2024-03-09 05:18:25.096,"42 km SW of Urakawa, Japan",4.9,60.965,142.3692,41.9328,earthquake,us7000m4cj,https://earthquake.usgs.gov/earthquakes/eventpage/us7000m4cj
2024-03-08 22:20:16.642,South Sandwich Islands region,4.6,10.0,-29.2466,-58.1328,earthquake,us6000mivs,https://earthquake.usgs.gov/earthquakes/eventpage/us6000mivs
2024-03-08 21:03:48.310,northern Mid-Atlantic Ridge,4.9,10.0,-46.3383,23.7912,earthquake,us6000mivl,https://earthquake.usgs.gov/earthquakes/eventpage/us6000mivl
2024-03-08 20:29:22.845,"115 km SSE of Isangel, Vanuatu",4.6,99.909,169.6249,-20.534,earthquake,us6000mivj,https://earthquake.usgs.gov/earthquakes/eventpage/us6000mivj
2024-03-08 19:00:26.527,"149 km WNW of Hihifo, Tonga",4.9,9.16,-175.102,-15.4828,earthquake,us6000mivg,https://earthquake.usgs.gov/earthquakes/eventpage/us6000mivg
2024-03-08 18:58:06.234,"80 km SSE of Hengchun, Taiwan",4.6,10.0,121.0065,21.3246,earthquake,us7000m48w,https://earthquake.usgs.gov/earthquakes/eventpage/us7000m48w
2024-03-08 17:56:49.810,South Sandwich Islands region,4.7,10.0,-29.6514,-58.2994,earthquake,us6000mive,https://earthquake.usgs.gov/earthquakes/eventpage/us6000mive
2024-03-08 17:21:55.604,south of the Fiji Islands,5.3,596.425,-179.5708,-22.1275,earthquake,us7000m486,https://earthquake.usgs.gov/earthquakes/eventpage/us7000m486
2024-03-08 09:11:45.110,"103 km SE of Pondaguitan, Philippines",6.0,115.0,126.9407,5.8168,earthquake,us7000m439,https://earthquake.usgs.gov/earthquakes/eventpage/us7000m439
2024-03-08 07:40:46.074,"74 km N of La Serena, Chile",4.6,49.371,-71.2831,-29.2346,earthquake,us7000m42y,https://earthquake.usgs.gov/earthquakes/eventpage/us7000m42y
2024-03-08 06:55:27.308,"82 km ENE of Fangale’ounga, Tonga",4.5,35.0,-173.6648,-19.3435,earthquake,us6000miux,https://earthquake.usgs.gov/earthquakes/eventpage/us6000miux
2024-03-08 06:54:55.624,"35 km NNW of Upahuacho, Peru",4.8,82.511,-73.5635,-14.6209,earthquake,us7000m42x,https://earthquake.usgs.gov/earthquakes/eventpage/us7000m42x
2024-03-08 05:26:36.918,"97 km NNW of Port-Olry, Vanuatu",4.5,49.59,166.6584,-14.2629,earthquake,us6000miuw,https://earthquake.usgs.gov/earthquakes/eventpage/us6000miuw
2024-03-08 05:25:03.726,"81 km WNW of Ollagüe, Chile",4.5,118.841,-68.9677,-20.9188,earthquake,us7000m42m,https://earthquake.usgs.gov/earthquakes/eventpage/us7000m42m
2024-03-08 04:27:12.119,"13 km E of Ródos, Greece",4.7,62.682,28.3727,36.4248,earthquake,us7000m42k,https://earthquake.usgs.gov/earthquakes/eventpage/us7000m42k
2024-03-08 03:52:52.642,"80 km NE of Sanana, Indonesia",5.0,10.0,126.561,-1.6235,earthquake,us7000m42h,https://earthquake.usgs.gov/earthquakes/eventpage/us7000m42h
2024-03-08 01:51:06.962,south of the Fiji Islands,4.5,492.08,-179.6727,-24.4317,earthquake,us7000m41q,https://earthquake.usgs.gov/earthquakes/eventpage/us7000m41q
2024-03-07 23:24:04.935,Banda Sea,4.5,101.947,130.0144,-6.7934,earthquake,us7000m410,https://earthquake.usgs.gov/earthquakes/eventpage/us7000m410
2024-03-07 22:59:30.911,Kuril Islands,4.7,35.0,152.7159,46.8146,earthquake,us7000m40x,https://earthquake.usgs.gov/earthquakes/eventpage/us7000m40x
2024-03-07 20:46:45.661,"216 km SSW of Tambolaka, Indonesia",4.5,10.0,118.8047,-11.3415,earthquake,us7000m406,https://earthquake.usgs.gov/earthquakes/eventpage/us7000m406
2024-03-07 17:56:07.213,southeast of Easter Island,4.8,10.0,-104.3107,-35.3429,earthquake,us7000m405,https://earthquake.usgs.gov/earthquakes/eventpage/us7000m405
2024-03-07 17:04:24.561,"60 km SSW of La Tirana, Chile",4.6,47.292,-69.8318,-20.8601,earthquake,us7000m3yw,https://earthquake.usgs.gov/earthquakes/eventpage/us7000m3yw
2024-03-07 16:32:01.299,"10 km SSE of Chincha Alta, Peru",4.9,40.304,-76.1031,-13.4982,earthquake,us7000m3wf,https://earthquake.usgs.gov/earthquakes/eventpage/us7000m3wf
2024-03-07 15:47:41.746,"42 km S of Pathein, Myanmar",4.6,33.759,94.6639,16.4052,earthquake,us7000m3w7,https://earthquake.usgs.gov/earthquakes/eventpage/us7000m3w7
2024-03-07 10:14:58.381,"20 km W of Surup, Philippines",4.5,77.804,125.9614,6.362,earthquake,us7000m3us,https://earthquake.usgs.gov/earthquakes/eventpage/us7000m3us
2024-03-07 10:09:15.384,"223 km NNE of Nagqu, China",5.0,10.0,92.8542,33.3794,earthquake,us7000m3ut,https://earthquake.usgs.gov/earthquakes/eventpage/us7000m3ut
2024-03-07 10:06:30.797,"244 km NNE of Nagqu, China",5.6,10.0,92.9927,33.5389,earthquake,us7000m3ur,https://earthquake.usgs.gov/earthquakes/eventpage/us7000m3ur
2024-03-07 10:00:34.120,"256 km NE of Hicks Bay, New Zealand",4.6,10.0,-179.8129,-35.8535,earthquake,us6000min0,https://earthquake.usgs.gov/earthquakes/eventpage/us6000min0
2024-03-07 09:41:36.280,"66 km SSW of Labuha, Indonesia",4.6,10.0,127.3049,-1.2024,earthquake,us7000m3uq,https://earthquake.usgs.gov/earthquakes/eventpage/us7000m3uq
2024-03-07 08:56:38.050,"Kermadec Islands, New Zealand",4.6,35.0,-177.7514,-29.891,earthquake,us6000mimy,https://earthquake.usgs.gov/earthquakes/eventpage/us6000mimy
2024-03-07 08:24:56.952,Bouvet Island region,4.8,10.0,7.4069,-54.103,earthquake,us6000mimx,https://earthquake.usgs.gov/earthquakes/eventpage/us6000mimx
2024-03-07 08:20:10.597,"78 km SW of Tamarindo, Costa Rica",5.6,9.0,-86.3228,9.7718,earthquake,us7000m3ud,https://earthquake.usgs.gov/earthquakes/eventpage/us7000m3ud
2024-03-07 03:30:13.827,"61 km ESE of Sarangani, Philippines",4.7,111.162,125.9703,5.1726,earthquake,us7000m3tr,https://earthquake.usgs.gov/earthquakes/eventpage/us7000m3tr
2024-03-06 23:56:55.792,"178 km ENE of Tual, Indonesia",5.2,10.0,134.1471,-4.8258,earthquake,us7000m3t3,https://earthquake.usgs.gov/earthquakes/eventpage/us7000m3t3
2024-03-06 21:39:28.512,"64 km ENE of Kinablangan, Philippines",5.0,13.012,127.1014,7.8963,earthquake,us7000m3sh,https://earthquake.usgs.gov/earthquakes/eventpage/us7000m3sh
2024-03-06 20:19:43.489,"47 km ENE of Kinablangan, Philippines",5.0,42.632,126.9181,7.9178,earthquake,us7000m3rt,https://earthquake.usgs.gov/earthquakes/eventpage/us7000m3rt
2024-03-06 20:08:10.178,"11 km ESE of Salvacion, Philippines",4.8,81.679,126.3063,8.6784,earthquake,us7000m3rs,https://earthquake.usgs.gov/earthquakes/eventpage/us7000m3rs
2024-03-06 19:27:02.733,"30 km WSW of Lata, Solomon Islands",5.0,46.294,165.5313,-10.8089,earthquake,us7000m3re,https://earthquake.usgs.gov/earthquakes/eventpage/us7000m3re
2024-03-06 17:37:46.115,"71 km NE of Kashgar, China",4.5,10.0,76.5903,39.9107,earthquake,us7000m3qu,https://earthquake.usgs.gov/earthquakes/eventpage/us7000m3qu
2024-03-06 17:17:26.991,"133 km NNE of Hihifo, Tonga",5.1,10.0,-173.1921,-14.8958,earthquake,us7000m3qr,https://earthquake.usgs.gov/earthquakes/eventpage/us7000m3qr
2024-03-06 15:27:48.223,"206 km SE of Hihifo, Tonga",5.0,10.0,-172.4015,-17.2455,earthquake,us6000migh,https://earthquake.usgs.gov/earthquakes/eventpage/us6000migh
2024-03-06 15:25:07.672,"151 km S of False Pass, Alaska",4.6,8.921,-163.2388,53.4956,earthquake,us7000m3p3,https://earthquake.usgs.gov/earthquakes/eventpage/us7000m3p3
2024-03-06 13:28:58.750,"279 km W of Tual, Indonesia",4.5,198.376,130.2352,-5.8465,earthquake,us7000m3ny,https://earthquake.usgs.gov/earthquakes/eventpage/us7000m3ny
2024-03-06 08:41:27.698,"259 km WSW of Tofino, Canada",4.9,10.0,-129.0062,48.0385,earthquake,us7000m3n8,https://earthquake.usgs.gov/earthquakes/eventpage/us7000m3n8
2024-03-06 05:18:34.896,"Maug Islands region, Northern Mariana Islands",4.5,10.617,145.2816,20.0127,earthquake,us6000mify,https://earthquake.usgs.gov/earthquakes/eventpage/us6000mify
2024-03-06 04:43:16.381,South Sandwich Islands region,4.7,35.0,-25.3557,-59.2062,earthquake,us6000mig7,https://earthquake.usgs.gov/earthquakes/eventpage/us6000mig7
2024-03-06 03:04:56.949,"233 km WNW of Houma, Tonga",4.8,337.732,-177.2945,-20.2,earthquake,us7000m3m3,https://earthquake.usgs.gov/earthquakes/eventpage/us7000m3m3
2024-03-06 00:09:59.584,"125 km WNW of Aykol, China",4.7,10.0,78.7131,41.2949,earthquake,us7000m3lf,https://earthquake.usgs.gov/earthquakes/eventpage/us7000m3lf
2024-03-05 21:10:05.518,south of the Fiji Islands,5.1,542.094,179.1709,-23.6534,earthquake,us7000m3kb,https://earthquake.usgs.gov/earthquakes/eventpage/us7000m3kb
2024-03-05 19:52:52.612,Macquarie Island region,6.1,10.0,158.7607,-59.1953,earthquake,us6000mgyj,https://earthquake.usgs.gov/earthquakes/eventpage/us6000mgyj
2024-03-05 19:30:15.990,South Sandwich Islands region,4.7,35.0,-26.0229,-59.5845,earthquake,us7000m47s,https://earthquake.usgs.gov/earthquakes/eventpage/us7000m47s
2024-03-05 17:32:05.666,"Kermadec Islands, New Zealand",4.6,35.0,-177.5548,-30.2763,earthquake,us7000m47n,https://earthquake.usgs.gov/earthquakes/eventpage/us7000m47n
2024-03-05 17:05:20.857,Fiji region,4.5,615.159,-179.0325,-20.9596,earthquake,us6000mgwg,https://earthquake.usgs.gov/earthquakes/eventpage/us6000mgwg
2024-03-05 13:59:21.001,southern East Pacific Rise,5.1,10.0,-124.2267,-55.5655,earthquake,us7000m47e,https://earthquake.usgs.gov/earthquakes/eventpage/us7000m47e
2024-03-05 10:04:57.187,"57 km SE of Pangai, Tonga",5.3,30.433,-173.9483,-20.16,earthquake,us6000mguh,https://earthquake.usgs.gov/earthquakes/eventpage/us6000mguh
2024-03-05 09:29:20.496,Reykjanes Ridge,4.8,10.0,-33.6763,56.719,earthquake,us6000mgud,https://earthquake.usgs.gov/earthquakes/eventpage/us6000mgud
2024-03-05 05:49:28.860,"48 km NNE of Kon Tum, Vietnam",4.5,9.561,108.2256,14.7394,earthquake,us6000mgtl,https://earthquake.usgs.gov/earthquakes/eventpage/us6000mgtl
2024-03-05 04:20:14.814,"60 km NNW of Fannūj, Iran",5.1,38.577,59.3526,27.0556,earthquake,us6000mgt8,https://earthquake.usgs.gov/earthquakes/eventpage/us6000mgt8
2024-03-05 02:07:32.232,"240 km NNE of Nagqu, China",5.4,10.0,93.0234,33.4841,earthquake,us6000mgsv,https://earthquake.usgs.gov/earthquakes/eventpage/us6000mgsv
2024-03-04 22:01:31.650,"13 km NNE of Camiña, Chile",4.6,107.862,-69.3879,-19.1941,earthquake,us6000mgrm,https://earthquake.usgs.gov/earthquakes/eventpage/us6000mgrm
2024-03-04 21:15:20.817,"1 km NNW of Caburan, Philippines",4.7,188.887,125.6375,5.9286,earthquake,us6000mgrc,https://earthquake.usgs.gov/earthquakes/eventpage/us6000mgrc
2024-03-04 16:46:42.175,Fiji region,4.6,577.325,-178.1902,-20.0588,earthquake,us6000mgp4,https://earthquake.usgs.gov/earthquakes/eventpage/us6000mgp4
2024-03-04 13:59:07.173,"48 km SSE of Malim, Philippines",4.6,34.812,123.6493,7.0711,earthquake,us6000mgn5,https://earthquake.usgs.gov/earthquakes/eventpage/us6000mgn5
2024-03-04 13:06:29.403,Macquarie Island region,4.5,10.0,158.9642,-59.2628,earthquake,us7000m464,https://earthquake.usgs.gov/earthquakes/eventpage/us7000m464
2024-03-04 13:01:16.372,"192 km ENE of Neiafu, Tonga",5.0,10.0,-172.3887,-17.821,earthquake,us7000m465,https://earthquake.usgs.gov/earthquakes/eventpage/us7000m465
2024-03-04 12:38:51.250,Kermadec Islands region,4.6,10.0,-177.2309,-31.0252,earthquake,us7000m463,https://earthquake.usgs.gov/earthquakes/eventpage/us7000m463
2024-03-04 11:02:06.413,"70 km W of Ollagüe, Chile",4.5,113.576,-68.9263,-21.1123,earthquake,us6000mgmp,https://earthquake.usgs.gov/earthquakes/eventpage/us6000mgmp
2024-03-04 07:54:31.567,"130 km W of Aykol, China",4.5,10.0,78.6057,41.1784,earthquake,us6000mgm0,https://earthquake.usgs.gov/earthquakes/eventpage/us6000mgm0
2024-03-04 06:55:13.747,"104 km SSW of Pagar Alam, Indonesia",4.9,63.154,102.8413,-4.8792,earthquake,us6000mglu,https://earthquake.usgs.gov/earthquakes/eventpage/us6000mglu
2024-03-04 06:32:49.443,"29 km NW of Yanglong, China",4.6,10.0,98.1587,38.9587,earthquake,us7000m462,https://earthquake.usgs.gov/earthquakes/eventpage/us7000m462
2024-03-04 06:29:28.257,"54 km SSW of Muborak, Uzbekistan",4.6,10.0,64.8816,38.8137,earthquake,us6000mgln,https://earthquake.usgs.gov/earthquakes/eventpage/us6000mgln
2024-03-04 06:22:07.268,"25 km NW of Cholpon-Ata, Kyrgyzstan",4.7,28.268,76.897,42.8364,earthquake,us6000mglm,https://earthquake.usgs.gov/earthquakes/eventpage/us6000mglm
2024-03-04 05:57:17.767,South Sandwich Islands region,4.9,20.148,-25.383,-59.3805,earthquake,us6000mglf,https://earthquake.usgs.gov/earthquakes/eventpage/us6000mglf
2024-03-04 05:50:41.379,Macquarie Island region,4.7,10.0,160.0813,-59.4229,earthquake,us7000m45u,https://earthquake.usgs.gov/earthquakes/eventpage/us7000m45u
2024-03-04 02:48:21.113,"224 km S of Bengkulu, Indonesia",5.2,10.0,102.179,-5.8279,earthquake,us6000mgkc,https://earthquake.usgs.gov/earthquakes/eventpage/us6000mgkc
2024-03-04 00:27:14.431,Macquarie Island region,4.6,10.0,159.744,-59.4825,earthquake,us7000m45n,https://earthquake.usgs.gov/earthquakes/eventpage/us7000m45n
2024-03-03 18:51:08.452,"16 km SSE of Marihatag, Philippines",4.5,71.008,126.362,8.667,earthquake,us6000mgi8,https://earthquake.usgs.gov/earthquakes/eventpage/us6000mgi8
2024-03-03 18:08:32.755,Southwest Indian Ridge,5.0,10.0,61.6042,-28.7289,earthquake,us6000mghy,https://earthquake.usgs.gov/earthquakes/eventpage/us6000mghy
2024-03-03 16:16:53.995,Macquarie Island region,6.8,23.187,159.1441,-58.8881,earthquake,us6000mghc,https://earthquake.usgs.gov/earthquakes/eventpage/us6000mghc
2024-03-03 15:56:32.656,Easter Island region,5.0,10.0,-112.0415,-29.5411,earthquake,us6000mgha,https://earthquake.usgs.gov/earthquakes/eventpage/us6000mgha
2024-03-03 15:49:41.678,south of the Kermadec Islands,4.9,10.0,-178.0585,-32.3214,earthquake,us7000m3yg,https://earthquake.usgs.gov/earthquakes/eventpage/us7000m3yg
2024-03-03 15:47:25.341,south of the Kermadec Islands,4.5,10.0,-177.9362,-32.5345,earthquake,us7000m3yb,https://earthquake.usgs.gov/earthquakes/eventpage/us7000m3yb
2024-03-03 15:37:59.190,"Volcano Islands, Japan region",4.5,10.0,143.6147,23.4698,earthquake,us7000m3y9,https://earthquake.usgs.gov/earthquakes/eventpage/us7000m3y9
2024-03-03 15:07:43.246,"111 km SSW of Pagar Alam, Indonesia",5.1,63.387,103.0276,-5.0063,earthquake,us6000mgh3,https://earthquake.usgs.gov/earthquakes/eventpage/us6000mgh3
2024-03-03 09:28:29.923,southwestern Atlantic Ocean,4.6,10.0,-24.2936,-53.2035,earthquake,us7000m3y2,https://earthquake.usgs.gov/earthquakes/eventpage/us7000m3y2
2024-03-03 08:50:16.760,"17 km SW of Harrison, Philippines",4.6,35.0,120.3169,13.3464,earthquake,us7000m3y1,https://earthquake.usgs.gov/earthquakes/eventpage/us7000m3y1
2024-03-03 08:31:58.877,"70 km E of Yokohama, Japan",4.9,56.691,142.0938,41.1102,earthquake,us6000mgfj,https://earthquake.usgs.gov/earthquakes/eventpage/us6000mgfj
2024-03-03 05:41:19.117,western Indian-Antarctic Ridge,4.6,10.0,123.6893,-48.8676,earthquake,us7000m3xw,https://earthquake.usgs.gov/earthquakes/eventpage/us7000m3xw
2024-03-03 05:37:48.479,Mid-Indian Ridge,4.7,10.0,67.6202,-19.9568,earthquake,us7000m3xx,https://earthquake.usgs.gov/earthquakes/eventpage/us7000m3xx
2024-03-03 05:35:37.150,Owen Fracture Zone region,4.9,10.0,57.7992,11.6167,earthquake,us6000mget,https://earthquake.usgs.gov/earthquakes/eventpage/us6000mget
2024-03-03 04:34:40.460,"178 km ENE of Agats, Indonesia",4.7,10.0,139.5625,-4.7938,earthquake,us6000mgel,https://earthquake.usgs.gov/earthquakes/eventpage/us6000mgel
2024-03-03 04:32:18.331,western Indian-Antarctic Ridge,4.7,10.0,123.745,-48.8536,earthquake,us7000m3yr,https://earthquake.usgs.gov/earthquakes/eventpage/us7000m3yr
2024-03-03 02:13:07.253,south of the Kermadec Islands,4.6,10.0,-178.0663,-32.2464,earthquake,us7000m3xq,https://earthquake.usgs.gov/earthquakes/eventpage/us7000m3xq
2024-03-03 02:01:06.220,south of the Kermadec Islands,5.0,10.0,-178.0679,-32.4116,earthquake,us6000mgdt,https://earthquake.usgs.gov/earthquakes/eventpage/us6000mgdt
2024-03-02 23:14:46.152,south of the Kermadec Islands,5.2,10.0,-178.1275,-32.299,earthquake,us6000mgdc,https://earthquake.usgs.gov/earthquakes/eventpage/us6000mgdc
2024-03-02 23:09:54.196,"113 km WNW of Uken, Japan",4.8,165.413,128.2279,28.8025,earthquake,us6000mgd9,https://earthquake.usgs.gov/earthquakes/eventpage/us6000mgd9
2024-03-02 22:54:05.593,south of the Kermadec Islands,4.9,10.0,-177.7306,-32.4514,earthquake,us7000m3xc,https://earthquake.usgs.gov/earthquakes/eventpage/us7000m3xc
2024-03-02 21:07:25.530,"282 km WSW of Tual, Indonesia",4.6,132.632,130.3297,-6.4264,earthquake,us6000mgct,https://earthquake.usgs.gov/earthquakes/eventpage/us6000mgct
2024-03-02 16:56:43.459,southeast of the Loyalty Islands,4.5,10.0,171.037,-23.5553,earthquake,us7000m3x5,https://earthquake.usgs.gov/earthquakes/eventpage/us7000m3x5
2024-03-02 14:00:46.619,"5 km NE of Tsunō, Japan",4.5,29.253,131.6069,32.2815,earthquake,us6000mgba,https://earthquake.usgs.gov/earthquakes/eventpage/us6000mgba
2024-03-02 12:38:29.921,South Sandwich Islands region,5.0,10.0,-25.5983,-55.7171,earthquake,us6000mgb3,https://earthquake.usgs.gov/earthquakes/eventpage/us6000mgb3
2024-03-02 11:50:59.767,"177 km ENE of Agats, Indonesia",4.5,10.0,139.5471,-4.7845,earthquake,us7000m3x6,https://earthquake.usgs.gov/earthquakes/eventpage/us7000m3x6
2024-03-02 11:31:20.657,"7 km ESE of Maketu, New Zealand",4.6,173.403,176.5193,-37.8014,earthquake,us6000mgav,https://earthquake.usgs.gov/earthquakes/eventpage/us6000mgav
2024-03-02 11:23:12.500,"4 km S of Ishioka, Japan",4.5,61.329,140.2753,36.1435,earthquake,us6000mgaw,https://earthquake.usgs.gov/earthquakes/eventpage/us6000mgaw
2024-03-02 10:48:44.183,"18 km SSW of Sukabumi, Indonesia",4.9,62.864,106.8453,-7.0651,earthquake,us6000mgam,https://earthquake.usgs.gov/earthquakes/eventpage/us6000mgam
2024-03-02 08:15:32.717,Mid-Indian Ridge,4.6,10.0,67.6767,-16.1865,earthquake,us7000m3ww,https://earthquake.usgs.gov/earthquakes/eventpage/us7000m3ww
2024-03-02 08:02:33.435,"77 km SE of King Cove, Alaska",4.5,47.667,-161.6001,54.5029,earthquake,us6000mga0,https://earthquake.usgs.gov/earthquakes/eventpage/us6000mga0
2024-03-02 07:50:47.657,"Rat Islands, Aleutian Islands, Alaska",4.9,52.077,177.774,51.4506,earthquake,us6000mg9z,https://earthquake.usgs.gov/earthquakes/eventpage/us6000mg9z
2024-03-02 05:54:23.369,"144 km NW of Neiafu, Tonga",4.9,250.95,-175.1093,-17.9094,earthquake,us6000mg9l,https://earthquake.usgs.gov/earthquakes/eventpage/us6000mg9l
2024-03-02 05:09:48.606,"66 km E of Aras-asan, Philippines",4.6,10.0,126.9154,8.8568,earthquake,us6000mg9k,https://earthquake.usgs.gov/earthquakes/eventpage/us6000mg9k
2024-03-02 00:49:21.927,"Kepulauan Babar, Indonesia",4.5,152.373,129.4917,-7.0029,earthquake,us6000mg8l,https://earthquake.usgs.gov/earthquakes/eventpage/us6000mg8l
2024-03-02 00:39:37.879,Fiji region,4.6,541.528,-178.2695,-20.5228,earthquake,us6000mg8j,https://earthquake.usgs.gov/earthquakes/eventpage/us6000mg8j
2024-03-02 00:26:40.579,Fiji region,5.8,546.098,-178.3442,-20.5625,earthquake,us6000mg8a,https://earthquake.usgs.gov/earthquakes/eventpage/us6000mg8a
2024-03-01 18:40:28.735,"4 km E of Ōtaki, Japan",4.5,38.83,140.2908,35.2833,earthquake,us6000mg68,https://earthquake.usgs.gov/earthquakes/eventpage/us6000mg68
2024-03-01 18:39:26.377,"76 km E of Teluk Dalam, Indonesia",4.9,50.726,98.4902,0.4993,earthquake,us6000mg5q,https://earthquake.usgs.gov/earthquakes/eventpage/us6000mg5q
2024-03-01 18:38:47.061,"7 km SE of Ōtaki, Japan",4.5,27.278,140.2935,35.2386,earthquake,us6000mg5t,https://earthquake.usgs.gov/earthquakes/eventpage/us6000mg5t
2024-03-01 17:35:43.580,"44 km ENE of Aras-asan, Philippines",4.6,45.162,126.6771,9.0558,earthquake,us7000m3py,https://earthquake.usgs.gov/earthquakes/eventpage/us7000m3py
2024-03-01 17:29:44.950,Owen Fracture Zone region,5.9,8.034,57.6508,11.5105,earthquake,us6000mg58,https://earthquake.usgs.gov/earthquakes/eventpage/us6000mg58
2024-03-01 17:25:38.263,"32 km W of Bandar Abbas, Iran",4.6,16.601,55.9532,27.1358,earthquake,us6000mg56,https://earthquake.usgs.gov/earthquakes/eventpage/us6000mg56
2024-03-01 16:49:02.796,"1 km ESE of Ōhara, Japan",4.9,19.883,140.4032,35.2435,earthquake,us6000mg4v,https://earthquake.usgs.gov/earthquakes/eventpage/us6000mg4v
2024-03-01 11:37:56.725,"114 km NNE of Finschhafen, Papua New Guinea",4.6,185.323,148.3216,-5.6392,earthquake,us6000mg1x,https://earthquake.usgs.gov/earthquakes/eventpage/us6000mg1x
2024-03-01 09:29:02.868,"47 km E of Aras-asan, Philippines",5.4,42.374,126.74,8.8616,earthquake,us6000mg1k,https://earthquake.usgs.gov/earthquakes/eventpage/us6000mg1k
2024-03-01 08:09:45.939,"171 km NNW of Las Khorey, Somalia",4.8,10.0,47.4751,12.5345,earthquake,us6000mg1b,https://earthquake.usgs.gov/earthquakes/eventpage/us6000mg1b
2024-03-01 07:12:27.062,"14 km SE of La Capilla, Peru",4.5,130.41,-71.0904,-16.8578,earthquake,us6000mg0x,https://earthquake.usgs.gov/earthquakes/eventpage/us6000mg0x
2024-03-01 07:06:36.257,"180 km ENE of Agats, Indonesia",5.2,10.0,139.56,-4.7608,earthquake,us6000mg0v,https://earthquake.usgs.gov/earthquakes/eventpage/us6000mg0v
2024-03-01 06:07:20.646,southern East Pacific Rise,4.6,10.0,-119.4127,-54.3103,earthquake,us7000m3pi,https://earthquake.usgs.gov/earthquakes/eventpage/us7000m3pi
2024-03-01 05:52:38.788,"21 km W of San Nicola Arcella, Italy",4.6,268.439,15.5315,39.8285,earthquake,us6000mg0c,https://earthquake.usgs.gov/earthquakes/eventpage/us6000mg0c
2024-03-01 01:42:24.608,"Off the coast of Aisen, Chile",4.7,10.0,-81.623,-45.1078,earthquake,us7000m3pd,https://earthquake.usgs.gov/earthquakes/eventpage/us7000m3pd
2024-03-01 00:55:48.332,"60 km E of Aras-asan, Philippines",4.5,35.0,126.8581,8.8363,earthquake,us7000m3pb,https://earthquake.usgs.gov/earthquakes/eventpage/us7000m3pb
2024-03-01 00:44:00.786,Kermadec Islands region,4.5,10.0,-177.2605,-31.0233,earthquake,us7000m3pa,https://earthquake.usgs.gov/earthquakes/eventpage/us7000m3pa
